id,domain,status,purchase_price,renewal_price,attractiveness,demand,length,registrar,created_at,expires_at,status_verified_at
375401de-98e5-465a-ae55-95d145a19a09,peccable.cooking,available,32.49,32.49,medium,low,8,namesilo,,,08/09/2026 11:30
d22060a4-2742-440a-87e8-20296da9c834,sharpened.cooking,available,32.49,32.49,high,medium,9,namesilo,,,10/09/2026 06:03
4796d6e5-9f00-4b2b-9382-4bfdbdbe6103,vicinity.cooking,available,25.2,25.2,high,low,8,cloudflare,,,28/09/2026 19:41
5029292c-c3f3-486e-8f3f-e66c6b527841,patter.cooking,available,33.98,43.98,high,low,6,namecheap,,,15/09/2026 20:21
ea0882fa-f862-4798-bcfd-b9c5f1ebc9e0,flatbottom.cooking,available,32.49,32.49,medium,low,10,namesilo,,,18/08/2026 06:51
5d1d1055-5556-4a81-8750-04e054839dae,zimmermann.cooking,available,26.97,26.97,high,low,10,dynadot,,,29/09/2026 22:20
1fa046ee-31e7-477d-a76a-b3d3cc56f0ba,cousin.cooking,available,33.98,43.98,high,low,6,namecheap,,,24/09/2026 18:49
1d4a38e6-3f65-4c08-9d93-c05474fe29c9,noctuidae.cooking,available,26.08,26.08,medium,low,9,spaceship,,,30/09/2026 17:16
d897cf1b-3f9b-41e9-b773-203847773e72,mud.cooking,premium,52,32.5,high,low,3,namecheap,,,25/09/2026 09:31
ba7ca144-1e68-4f95-9dd2-052e63793c17,allusion.cooking,available,46.99,46.99,high,low,8,name.com,,,18/09/2026 12:15
ce1c3431-5573-4ef6-bda2-86eab97860cc,actuator.cooking,available,32.49,32.49,medium,low,8,namesilo,,,17/09/2026 05:24
83a17286-7f5c-42a0-b9fa-a058316aee4a,laic.cooking,available,33.98,43.98,medium,low,4,namecheap,,,22/08/2026 18:47
de6130c5-4787-41a9-bba3-c3c6cfc1ecda,fleeing.cooking,available,25.2,25.2,medium,low,7,cloudflare,,,29/09/2026 03:23
69517c07-6a72-4e2c-9082-984b0b13d302,places.cooking,available,32.49,32.49,high,low,6,namesilo,,,
922e998c-8ba1-4a1e-8f2e-158e0b26cbb3,event.cooking,available,33.98,43.98,high,medium,5,namecheap,,,29/09/2026 08:05
2523d0b6-e743-4c83-98ca-a160fb313e2e,robust.cooking,available,33.98,43.98,high,low,6,namecheap,,,18/08/2026 18:02
1b29f5cd-af0d-4544-af5a-37106896db69,adieu.cooking,available,26.08,26.08,high,low,5,spaceship,,,28/09/2026 18:34
dbb5bf70-2211-44a4-a83f-796b56bf6f80,antagonist.cooking,available,32.49,32.49,high,low,10,namesilo,,,17/09/2026 10:48
bc4ed9f8-88c1-4f80-b606-42bc0d354a5b,majorities.cooking,available,26.26,26.26,low,low,10,porkbun,,,29/09/2026 05:40
94ac13e2-6234-4689-af55-641e1c10fb99,vanessa.cooking,available,32.49,32.49,high,low,7,namesilo,,,28/09/2026 09:53
a4c660f7-9900-4b50-aa75-95fa5854b668,dependance.cooking,available,32.49,32.49,medium,low,10,namesilo,,,17/09/2026 06:55
b00513db-a965-43dd-b9f0-612961c2e520,usgs.cooking,available,32.49,32.49,medium,low,4,namesilo,,,28/09/2026 03:54
018cbc62-99c4-4e78-ae3e-7f213908b79d,resupine.cooking,available,32.49,32.49,medium,low,8,namesilo,,,09/09/2026 15:30
2924c0c3-1e72-45f5-aa67-aea4c39026dd,discs.cooking,available,26.08,26.08,medium,low,5,spaceship,,,30/09/2026 23:56
d9817798-1af4-4157-a7a2-61db0eea6c92,villains.cooking,available,32.49,32.49,medium,low,8,namesilo,,,30/09/2026 07:35
26cf710c-7a03-4c1f-999b-75b549b28ca3,unshelled.cooking,available,32.49,32.49,high,medium,9,namesilo,,,10/09/2026 06:23
82956ced-f06d-4dd9-b692-0c2133911e88,cathodic.cooking,available,32.49,32.49,medium,low,8,namesilo,,,11/08/2026 21:56
9e94c626-f9fa-4c42-abcc-759cd8b96c32,tech.cooking,premium,96,29.5,high,medium,4,namesilo,,,30/09/2026 08:48
6481eb74-075f-4703-a3cf-1233c119597a,autograph.cooking,available,32.49,32.49,high,low,9,namesilo,,,21/09/2026 06:37
6e63ac55-3eec-40f9-a31b-a79b5df142d7,scored.cooking,available,26.08,26.08,medium,low,6,spaceship,,,27/09/2026 23:20
ed51482e-5adf-4f07-b073-9822a4261302,allmouth.cooking,available,32.49,32.49,medium,low,8,namesilo,,,18/09/2026 11:45
ca1be3a1-f9d0-4844-8b1c-29d3b8f736c7,atacama.cooking,available,32.49,32.49,medium,low,7,namesilo,,,
a9f87485-0a11-424a-9277-6279e1ca7d7f,woodland.cooking,available,26.08,26.08,high,low,8,spaceship,,,29/09/2026 20:30
52b93301-352f-4683-b401-51c6b8881f92,charmed.cooking,available,32.49,32.49,high,low,7,namesilo,,,09/08/2026 09:57
d2828cff-d593-4dc1-abd9-e4b172b5dd86,vest.cooking,available,26.08,26.08,medium,low,4,spaceship,,,28/09/2026 10:51
2acf9c56-b577-499f-9078-9df602dde0c8,taxonomy.cooking,available,26.26,26.26,high,low,8,porkbun,,,30/09/2026 03:01
5fa23a23-9264-46fe-8ccf-3fa95c30128f,disgorge.cooking,available,32.49,32.49,high,medium,8,namesilo,,,10/09/2026 07:35
24c4336b-841b-42cb-892d-f5b9fe74b754,plosive.cooking,available,32.49,32.49,medium,low,7,namesilo,,,04/09/2026 00:16
4e652404-8f29-4327-bc0b-369e7e8e144e,tellingly.cooking,available,32.49,32.49,medium,low,9,namesilo,,,16/09/2026 08:14
a3227d40-23e4-4ba7-bd0e-36b45b1cefe6,notifiable.cooking,available,32.49,32.49,medium,low,10,namesilo,,,03/09/2026 22:10
76eb0d55-0e70-47ce-8b88-e22d05bb468b,posing.cooking,available,32.49,32.49,high,low,6,namesilo,,,10/09/2026 08:59
105e7682-f340-4690-9367-d938dac36d49,fancied.cooking,available,33.98,43.98,high,low,7,namecheap,,,17/08/2026 20:17
d49e0075-52be-45a8-ab13-988b875e56b3,employees.cooking,available,32.49,32.49,medium,low,9,namesilo,,,27/09/2026 02:50
65bd6ff1-0b2d-46de-b4ba-da2ac32f5ff7,cable.cooking,available,32.49,32.49,high,low,5,namesilo,,,24/09/2026 11:34
905d2a1d-d410-4db6-a09a-aa37e550171e,treatments.cooking,available,25.2,25.2,medium,low,10,cloudflare,,,29/09/2026 04:46
fa4f612b-01a0-432e-8b40-2d2338290498,beasts.cooking,available,26.08,26.08,low,low,6,spaceship,,,28/09/2026 23:05
4b35cf69-a31a-4c6d-b709-87c9a4bc7fd3,cad.cooking,premium,104,32.5,high,low,3,namecheap,,,24/09/2026 02:18
1adf3b89-a897-43ed-b340-57cbbee3eac5,iit.cooking,premium,47.2,29.5,high,low,3,namesilo,,,30/09/2026 04:30
11068884-4c0f-47a1-927f-d39c463fc94e,mathias.cooking,available,32.49,32.49,high,low,7,namesilo,,,28/09/2026 05:17
20998465-3718-4fd9-ac7d-d0356421330c,deferent.cooking,available,32.49,32.49,medium,low,8,namesilo,,,13/08/2026 23:17
58275359-552e-40c1-bb9d-f09ce9d91a8a,thence.cooking,available,32.49,32.49,medium,low,6,namesilo,,,15/09/2026 00:13
87a0c144-2866-4ac6-9920-c19079a79c85,hushed.cooking,available,32.49,32.49,medium,low,6,namesilo,,,21/08/2026 15:54
c737310f-b942-435d-aa5f-779305c9074c,vocal.cooking,available,32.49,32.49,high,low,5,namesilo,,,26/09/2026 03:23
81af91cf-5fc4-4b95-b0e7-5c8f693c78d8,uniate.cooking,available,32.49,32.49,medium,low,6,namesilo,,,12/09/2026 12:42
df6c0c1b-af5f-4d23-ad6c-0dbf011be24e,adjunction.cooking,available,32.49,32.49,medium,low,10,namesilo,,,17/09/2026 08:25
19425781-6086-483d-951a-fe07a259d276,companions.cooking,available,26.08,26.08,medium,low,10,spaceship,,,29/09/2026 05:19
a834c775-6b87-4658-8c2a-8c818fec5394,nitrogen.cooking,available,32.49,32.49,high,low,8,namesilo,,,20/09/2026 23:37
d2bd11ab-130c-431a-86e6-86f5c21bcec8,congested.cooking,available,32.49,32.49,medium,low,9,namesilo,,,12/08/2026 21:46
fd2ed5d9-42f9-40aa-bd3d-8667350953ff,sarawakian.cooking,available,33.98,43.98,high,medium,10,namecheap,,,09/09/2026 21:26
aa46cc21-54d5-4c5f-999a-ce4a4df358eb,bsa.cooking,premium,41.6,26.08,high,low,3,spaceship,,,29/09/2026 02:49
3d70e497-01a0-4586-a100-875aa3d828d5,insidious.cooking,available,32.49,32.49,medium,low,9,namesilo,,,22/08/2026 07:05
fbadf438-1b0a-41db-9bef-cdcbb9958206,employed.cooking,available,33.98,43.98,high,low,8,namecheap,,,16/08/2026 18:24
6a26c8ad-097c-4ebd-9f26-d93d67e1584f,cub.cooking,premium,104,32.5,high,low,3,namecheap,,,24/09/2026 20:02
481e300e-667d-4b5f-9803-8064235ee122,afraid.cooking,available,32.49,32.49,high,low,6,namesilo,,,26/09/2026 00:46
c9b35ab6-002d-43b4-aee6-1badb550a3c0,siamese.cooking,available,32.49,32.49,high,low,7,namesilo,,,10/09/2026 07:27
744235bb-a8ff-45c2-80d2-3f30da728250,thespian.cooking,available,32.49,32.49,high,low,8,namesilo,,,11/09/2026 13:05
f7ac340c-458a-41ce-aa2a-af98bec26f54,animalia.cooking,available,32.49,32.49,high,low,8,namesilo,,,19/09/2026 08:37
6b1ff297-d38f-4fae-bcab-dc24ed46a7fd,argo.cooking,available,32.49,32.49,high,low,4,namesilo,,,20/09/2026 04:30
7eb13641-0a51-43c3-bc00-9bce26e88ffe,bilby.cooking,available,33.98,43.98,medium,low,5,namecheap,,,23/09/2026 15:40
b697584e-f019-4854-9bc2-7bed7d9ec1d9,aquatint.cooking,available,32.49,32.49,medium,low,8,namesilo,,,19/09/2026 23:09
9e3a6d77-e090-4ac8-b526-d8d295d3c844,monastic.cooking,resell,,,medium,low,8,Porkbun,15/07/2025 13:18,15/07/2027 13:18,26/09/2026 07:37
0ffe5ffa-0d23-4115-96e5-bf1c8c9b4427,turning.cooking,available,32.49,32.49,high,low,7,namesilo,,,26/09/2026 00:27
97aa0840-94f3-4a1c-ae4a-c6f2dbfcb7b6,sent.cooking,available,33.98,43.98,high,low,4,namecheap,,,19/09/2026 16:10
36122434-5102-4b75-821a-f5a9b8b8e553,postmodern.cooking,available,32.49,32.49,high,low,10,namesilo,,,09/09/2026 00:29
5d50100c-400e-4c55-8e4f-9b824726953f,arca.cooking,available,32.49,32.49,high,low,4,namesilo,,,20/09/2026 01:31
5ab7b49a-ef50-4c4c-b8d8-517dd4e241c0,tulsa.cooking,premium,260,32.5,high,low,5,namecheap,,,29/09/2026 08:15
76d3b6dc-af3a-41de-a40c-578048fbe8c0,episodic.cooking,available,32.49,32.49,medium,low,8,namesilo,,,17/08/2026 11:11
9a95d0b4-3826-42a3-a0b0-ee48b29caa4a,catching.cooking,available,33.98,43.98,high,low,8,namecheap,,,11/08/2026 21:16
88fc9212-de2e-45a7-bebf-a03cdb20ba87,albums.cooking,available,26.08,26.08,low,low,6,spaceship,,,29/09/2026 05:39
325035ff-85e7-49b4-8a68-95bbd1e15102,mold.cooking,available,32.49,32.49,high,low,4,namesilo,,,24/09/2026 15:22
35e8b7b9-476b-4ebc-bea1-5a6df045a243,congenital.cooking,available,33.98,43.98,high,low,10,namecheap,,,12/08/2026 21:40
274a30d9-5242-4a8e-ad0f-2ff7e0e140c8,teaser.cooking,available,32.49,32.49,high,low,6,namesilo,,,19/09/2026 10:50
e9fb2c97-6840-4b0b-a445-de8b5b8fe5ab,dizzy.cooking,available,32.49,32.49,high,low,5,namesilo,,,
fcd4e4ff-6459-472f-b7d4-e0f63faa9b62,bucolic.cooking,available,32.49,32.49,high,low,7,namesilo,,,06/08/2026 14:14
15ac457e-153c-40a1-9500-db16d2c3efa6,ain.cooking,premium,47.2,29.5,high,low,3,namesilo,,,
d0216349-be06-4d19-a05d-d04e3464d775,aunts.cooking,available,32.49,32.49,medium,low,5,namesilo,,,18/09/2026 15:51
612d8c2e-c403-4d60-ba39-f701c6aa227e,unsubtle.cooking,available,32.49,32.49,medium,low,8,namesilo,,,12/09/2026 20:46
c6d7bc2d-96e3-4a49-9316-d16674a9a05a,nicolas.cooking,premium,96,29.5,high,low,7,namesilo,,,25/09/2026 13:18
17cca9e1-79b2-4835-948d-651b0e1218b1,blackpool.cooking,available,26.08,26.08,medium,low,9,spaceship,,,30/09/2026 05:52
17887166-239c-41f0-827a-7f05a65a2434,mark.cooking,premium,96,29.5,high,medium,4,namesilo,,,24/09/2026 01:59
4219c1b1-e2a1-4225-b8e4-749c6b9f77b3,pds.cooking,premium,47.2,29.5,high,low,3,namesilo,,,01/10/2026 01:00
cb81b2d7-8ad6-439f-ba19-d469dd27e0be,inspirational.cooking,available,32.49,32.49,high,low,13,namesilo,,,
521d21f4-3ea2-452f-b671-b1b3dc75c818,inharmonic.cooking,available,32.49,32.49,low,low,10,namesilo,,,14/08/2026 10:54
c1f48a38-5068-4933-b9c4-e471770bb627,assembled.cooking,available,25.2,25.2,medium,low,9,cloudflare,,,28/09/2026 23:20
6c5a3c78-12d0-484c-9bb1-ac3c11578ac4,allows.cooking,available,25.2,25.2,low,low,6,cloudflare,,,28/09/2026 08:44
5e3ddb66-1373-47c4-b920-fc3d0b9aac2b,enchained.cooking,available,32.49,32.49,medium,low,9,namesilo,,,12/08/2026 01:24
2620067a-585d-4481-9ffc-5f267a9ae644,nantes.cooking,available,32.49,32.49,medium,low,6,namesilo,,,28/09/2026 10:30
9f2491fb-9e18-46ab-b815-98b6a163a631,advocator.cooking,available,46.99,46.99,medium,low,9,name.com,,,17/09/2026 11:45
fa3026b6-b83d-4f73-bfdd-f039447e3751,prying.cooking,available,32.49,32.49,medium,low,6,namesilo,,,03/09/2026 21:52
ebc4771f-cb39-40d6-966a-120152354398,gsm.cooking,premium,41.6,26.08,high,low,3,spaceship,,,29/09/2026 15:14
ee159b91-eced-45b3-be34-2e81bbf11c2f,llewellyn.cooking,available,26.97,26.97,medium,low,9,dynadot,,,29/09/2026 09:48
9fb801ae-2cc8-45c7-8c8b-b2d1fbc987af,negotiator.cooking,available,25.2,25.2,high,low,10,cloudflare,,,01/10/2026 03:04
f95165e3-59cf-4779-99c7-8619ca5991c4,lilian.cooking,available,32.49,32.49,medium,low,6,namesilo,,,29/09/2026 22:03
01a47585-80b4-4e2b-96c9-2b29b92587e3,favorite.cooking,premium,96,29.5,high,low,8,namesilo,,,24/09/2026 04:33
1bff610e-656f-4ae2-b326-331e65bca7a7,descendant.cooking,available,32.49,32.49,high,low,10,namesilo,,,14/08/2026 03:14
d840870b-8d04-4c4b-b9d7-409d121f7dbd,barbara.cooking,premium,96,29.5,high,low,7,namesilo,,,25/09/2026 11:55
0ce1eb84-a839-410a-ab5c-ed9f805dc2f4,passes.cooking,available,32.49,32.49,high,low,6,namesilo,,,27/09/2026 02:49
7d2fbe1c-3313-4899-a25c-5e9476bcaad7,everyone.cooking,available,26.08,26.08,high,low,8,spaceship,,,30/09/2026 23:15
d5d08be0-65e6-4a67-8cba-77bd2fa61936,tales.cooking,available,32.49,32.49,high,low,5,namesilo,,,18/09/2026 16:46
9d842b3d-9a3a-4677-85e1-59ae2b52d188,aegina.cooking,available,33.98,43.98,medium,low,6,namecheap,,,17/09/2026 12:15
bdd27a9e-d65e-40af-9f72-0ec47d34d499,expelled.cooking,available,26.08,26.08,low,low,8,spaceship,,,28/09/2026 12:50
c03efb91-7a12-427e-a110-312c3cd5424e,lordship.cooking,available,26.08,26.08,medium,low,8,spaceship,,,28/09/2026 19:44
33fb458b-5ded-44b6-8883-087a248549f1,stygian.cooking,available,32.49,32.49,medium,low,7,namesilo,,,
1842caa5-12df-45b6-b169-7df1084ed5f5,sixtieth.cooking,available,32.49,32.49,medium,low,8,namesilo,,,
c7331a4b-eb72-4232-88f5-21959d1826fc,outbred.cooking,available,33.98,43.98,medium,low,7,namecheap,,,04/09/2026 19:03
3078a05a-93f9-4c84-beb7-21fee0e669f4,streams.cooking,available,25.2,25.2,medium,low,7,cloudflare,,,29/09/2026 16:56
9b588ed0-a197-4e4a-9674-07d957deee97,fcc.cooking,premium,96,29.5,high,low,3,namesilo,,,25/09/2026 05:53
98ec705b-f775-4932-bcb1-961cfa05a302,starts.cooking,available,32.49,32.49,medium,low,6,namesilo,,,
85ee7525-f888-4414-a88b-325fb0934a68,reckon.cooking,available,33.98,43.98,high,low,6,namecheap,,,30/09/2026 09:37
6e5a6f88-b14a-4bad-bae1-06d6f5ba227a,dire.cooking,available,32.49,32.49,medium,low,4,namesilo,,,14/08/2026 08:44
5eca4517-44cc-4728-a8ab-e20c4d39784c,hans.cooking,available,32.49,32.49,high,low,4,namesilo,,,
841346be-040e-4b58-a460-585877cb1bd3,blenheim.cooking,available,33.98,43.98,medium,low,8,namecheap,,,24/09/2026 05:52
34f5327c-d9cb-4457-b77c-a97234859df9,veterans.cooking,available,32.49,32.49,high,low,8,namesilo,,,18/09/2026 11:06
bede5913-2031-488f-8cd1-93acb7398a23,experimenting.cooking,available,32.49,32.49,high,low,13,namesilo,,,29/09/2026 08:49
cdad9938-2f20-4159-a6e4-faab856fa934,sorbonne.cooking,available,26.08,26.08,medium,low,8,spaceship,,,28/09/2026 20:07
acf53f7b-b84f-420c-99ee-6a5fea5cda89,dday.cooking,available,32.49,32.49,high,low,5,namesilo,,,16/09/2026 12:39
3b78b510-31bd-4160-bb9c-5bb3f23bc7ce,csr.cooking,premium,41.6,26.08,high,low,3,spaceship,,,29/09/2026 23:54
73fdf591-a676-4983-9dfb-d46cd490f368,transmitting.cooking,available,25.2,25.2,medium,low,12,cloudflare,,,29/09/2026 10:14
c8466341-5f2b-495f-bdf1-d4506b277717,binomial.cooking,available,32.49,32.49,high,low,8,namesilo,,,10/08/2026 00:30
2cd8254a-337d-47c0-99ae-1c6fcffc6707,fulsome.cooking,available,32.49,32.49,medium,low,7,namesilo,,,11/08/2026 11:40
2603e6c9-18f8-4004-b7eb-f7934830ea38,axiology.cooking,available,32.49,32.49,medium,low,8,namesilo,,,21/09/2026 10:24
e255de41-9041-46ee-8594-f173f2466dd3,irritable.cooking,available,32.49,32.49,medium,low,9,namesilo,,,25/09/2026 11:30
bef5c750-600c-41cc-8645-fd5a4f080cb7,mettlesome.cooking,available,32.49,32.49,medium,low,10,namesilo,,,24/08/2026 22:10
dd8fc0f0-f1a4-4806-9b09-46cf827a978f,venture.cooking,premium,83,26.08,high,medium,7,spaceship,,,29/09/2026 06:12
11caf3e2-918d-47bf-b578-d1cf90dc26fe,neotenic.cooking,available,32.49,32.49,medium,low,8,namesilo,,,03/09/2026 15:31
b5245200-0485-461d-9650-13bb7d99ae18,subtly.cooking,available,32.49,32.49,medium,low,6,namesilo,,,16/09/2026 07:33
a8f56c4c-ec9f-4ac0-956e-d19486a5b1aa,kill.cooking,available,32.49,32.49,high,low,4,namesilo,,,24/09/2026 11:57
b6477a0e-af4f-4f1a-b1a3-b940c176bba3,starboard.cooking,available,32.49,32.49,high,low,9,namesilo,,,10/09/2026 18:46
20d3fc6c-3e9b-43e4-8167-3dca4c651f0e,attire.cooking,available,32.49,32.49,high,low,6,namesilo,,,21/09/2026 01:52
2f53bf5f-d7f0-4f40-92f1-22d0473b346c,autotelic.cooking,available,33.98,43.98,high,low,9,namecheap,,,07/08/2026 21:08
766b8528-e712-44f2-b4c0-3fd08b9e1cd4,february.cooking,available,26.08,26.08,high,low,8,spaceship,,,29/09/2026 19:03
72672e1c-c8c2-44a5-bd7f-9f31f44afc91,martini.cooking,available,26.08,26.08,high,low,7,spaceship,,,28/09/2026 14:50
36f1b3e2-8d00-44d0-836a-618022e7bbce,why.cooking,premium,96,29.5,high,low,3,namesilo,,,25/09/2026 10:59
3317997e-2ce1-4dc8-842a-407b2a6461f2,succeed.cooking,available,32.49,32.49,high,low,7,namesilo,,,30/09/2026 16:37
bf8e096e-5714-483f-8f85-de49645e59d3,planing.cooking,available,25.2,25.2,high,low,7,cloudflare,,,30/09/2026 12:25
77f157b6-95c4-4a0e-b928-4d7835f12da6,barrier.cooking,available,25.2,25.2,medium,low,7,cloudflare,,,29/09/2026 01:15
2a04d7b7-de32-4ce1-bcad-605556b27368,biogeny.cooking,available,,,medium,low,7,,,,23/09/2026 18:05
a815a2df-abe7-4b08-86e0-4d197c8ee743,vinton.cooking,available,32.49,32.49,medium,low,6,namesilo,,,30/09/2026 21:54
86b29f80-3d5f-402a-986b-8c03a6ca7b85,filipino.cooking,available,32.49,32.49,high,low,8,namesilo,,,18/08/2026 04:19
6bd2f28f-f341-4fd5-ac85-df8a75dd28f0,coalescent.cooking,available,32.49,32.49,medium,low,10,namesilo,,,12/08/2026 13:51
1bec1319-49c9-4e51-81e9-0b60857c9e37,dividable.cooking,available,32.49,32.49,medium,low,9,namesilo,,,14/08/2026 13:41
b7face82-e590-4aef-a008-e6270f99e8b6,ult.cooking,premium,47.2,29.5,high,low,3,namesilo,,,11/09/2026 22:48
9d9df024-89c3-4e8c-8b3c-db743427c814,mademoiselle.cooking,available,32.49,32.49,high,low,12,namesilo,,,30/09/2026 19:38
c0183ea8-1dbc-4bcf-a5a2-3af7ef8f8faa,werner.cooking,available,33.98,43.98,high,low,6,namecheap,,,25/09/2026 21:47
08a9f864-09db-4380-8acd-f7343d60ec2e,preserved.cooking,available,32.49,32.49,high,low,9,namesilo,,,27/09/2026 05:50
1ce9a229-92a2-4362-9eae-6a1d24089a80,surf.cooking,available,33.98,43.98,high,low,4,namecheap,,,24/09/2026 08:25
cba37827-535d-457a-83e3-56d449751d83,arch.cooking,available,32.49,32.49,high,medium,4,namesilo,,,22/09/2026 07:38
f86279e2-329f-48f9-9b7e-167e021df603,airfield.cooking,available,33.98,43.98,high,low,8,namecheap,,,17/09/2026 23:09
e1161810-513a-4ceb-bb60-5ac778f8d48b,chennai.cooking,available,32.49,32.49,high,low,7,namesilo,,,30/09/2026 09:07
a2171e47-fdb6-4331-99c9-c7502aa894b9,aback.cooking,available,32.49,32.49,high,low,5,namesilo,,,13/09/2026 16:07
1c7aee29-3025-4102-aab8-a13a28e6d0f2,observations.cooking,available,32.49,32.49,medium,low,12,namesilo,,,17/09/2026 08:04
08554e67-00c7-4ba7-a0c9-82d398a9b27f,distinctly.cooking,available,32.49,32.49,high,low,10,namesilo,,,14/09/2026 13:19
f36e23f2-c4c4-4e7b-b7d4-4a2bdfdf22f0,piercing.cooking,available,32.49,32.49,high,low,8,namesilo,,,22/08/2026 01:25
1cf08368-b156-443d-b617-d222768cde97,constancy.cooking,available,32.49,32.49,high,low,9,namesilo,,,24/09/2026 17:32
bb07f71a-b8e6-4dcb-8af7-77f7810df8f2,kidd.cooking,available,26.97,26.97,high,low,4,dynadot,,,28/09/2026 01:23
3587c525-8823-4138-8378-88925e65cb69,hoop.cooking,available,46.99,46.99,high,low,4,name.com,,,22/09/2026 11:23
df684222-ea28-4a03-8cfd-a6362783c11f,http.cooking,premium,41.6,26.08,high,high,4,spaceship,,,29/09/2026 23:09
7dbd0fac-e010-47e4-877e-9b4ca91ebcca,furred.cooking,available,33.98,43.98,medium,low,6,namecheap,,,18/08/2026 18:52
9534ff1f-4e39-4ac6-93ec-0580809371f5,unaccented.cooking,available,32.49,32.49,medium,low,10,namesilo,,,11/09/2026 23:32
aab77ff8-df3b-4103-9a87-22ef858d2992,earthling.cooking,available,32.49,32.49,high,low,9,namesilo,,,11/09/2026 10:43
d1b620e4-1281-4c01-926e-87c5c4a7a087,warhol.cooking,available,32.49,32.49,high,low,6,namesilo,,,19/09/2026 05:06
e2019f2c-574e-4569-80dc-6f5324a113e2,maddened.cooking,available,32.49,32.49,medium,low,8,namesilo,,,
d5b2158a-1903-420c-ba89-d19c627c5921,peaches.cooking,available,32.49,32.49,medium,low,7,namesilo,,,29/09/2026 11:22
399582ab-1a60-4771-80bb-3cfd56b68546,gnomish.cooking,available,32.49,32.49,medium,low,7,namesilo,,,20/08/2026 15:45
eb03b8d1-1759-463a-b847-a75d7242117b,device.cooking,available,26.08,26.08,high,low,6,spaceship,,,30/09/2026 21:09
57119a9c-5f5f-4ba8-b81d-9bcd16dc3cad,cambria.cooking,available,26.97,26.97,high,low,7,dynadot,,,29/09/2026 18:09
cb1ff3c4-de94-4077-ba7c-aa059427d62d,westminster.cooking,available,32.49,32.49,high,low,11,namesilo,,,
c1966908-66c7-42df-910d-c8aa06d34da0,goals.cooking,available,32.49,32.49,high,low,5,namesilo,,,28/09/2026 07:10
102ad209-23ea-4ba8-9967-fc95d109cc55,emile.cooking,available,25.2,25.2,medium,low,5,cloudflare,,,27/09/2026 13:23
4d5a41ac-29e9-4533-a070-fccdd23747fc,jutting.cooking,available,32.49,32.49,medium,low,7,namesilo,,,22/08/2026 14:44
ef7c3f6f-6b2a-4e0c-8010-c913574b756d,eec.cooking,premium,41.6,26.08,high,low,3,spaceship,,,29/09/2026 00:28
525130d4-e7af-40c1-821a-d66d031d7f2d,hound.cooking,available,32.49,32.49,medium,low,5,namesilo,,,24/09/2026 02:24
32a89947-f8c2-4071-99cf-b9a1ff6cfeda,acorea.cooking,available,32.49,32.49,medium,low,6,namesilo,,,17/09/2026 02:12
138147d8-fd34-4038-99f6-4a9f941161da,hence.cooking,available,26.97,26.97,medium,low,5,dynadot,,,28/09/2026 15:09
fe13e6b8-1f59-4a9f-9719-064aed0db071,maimed.cooking,available,32.49,32.49,medium,low,6,namesilo,,,24/08/2026 13:20
2fd1bbab-4ccf-46c8-9f97-b9754dc7b237,aunt.cooking,available,32.49,32.49,high,low,4,namesilo,,,28/09/2026 23:17
b6750fb7-b0d2-499c-95ff-74d32ff81333,pickles.cooking,premium,96,29.5,high,low,7,namesilo,,,30/09/2026 12:43
5cad89d4-0034-4dc0-8253-ec2a3f384c89,hilo.cooking,available,26.97,26.97,high,low,4,dynadot,,,30/09/2026 10:07
183c68e6-5b41-433a-ab60-0a72def1679e,dafla.cooking,available,32.49,32.49,medium,low,5,namesilo,,,16/09/2026 16:37
4e9a6ce9-3f16-4859-81e7-039cb8b55f56,sextet.cooking,available,32.49,32.49,medium,low,6,namesilo,,,
8f85117c-84d0-4367-aea0-f0a2809a8144,ackack.cooking,available,32.49,32.49,medium,low,7,namesilo,,,
5e49c59e-c360-425e-aa7c-e7acaf869396,blahs.cooking,available,32.49,32.49,medium,low,5,namesilo,,,24/09/2026 03:42
22e40018-52cd-4485-87be-5a0980158e7f,artfulness.cooking,available,32.49,32.49,high,low,10,namesilo,,,20/09/2026 10:34
2627f0c4-3bc3-4e8b-abc2-d2af3921e408,unrevealed.cooking,available,32.49,32.49,medium,low,10,namesilo,,,12/09/2026 08:09
d259752f-5ddc-40e7-ace3-ac030f05c3d9,choke.cooking,available,32.49,32.49,medium,low,5,namesilo,,,24/09/2026 14:43
000e2fa3-fc78-4fdd-9e3c-54d98e6457d6,thievery.cooking,available,32.49,32.49,medium,low,8,namesilo,,,11/09/2026 13:20
ad032db6-7589-439a-a470-c257e89ee791,wandered.cooking,available,33.98,43.98,medium,low,8,namecheap,,,18/09/2026 02:36
be0a2572-2784-4d36-9aec-269711aa0a38,brisken.cooking,available,32.49,32.49,medium,low,7,namesilo,,,11/08/2026 04:39
e9e86344-7bca-4fc1-9ff5-96788e2e6b26,amr.cooking,premium,47.2,29.5,high,low,3,namesilo,,,29/09/2026 22:13
0249613c-5025-4c65-b9d8-5b401227b8c8,nasir.cooking,available,25.2,25.2,medium,low,5,cloudflare,,,30/09/2026 13:54
17842696-bcc4-4cfe-8e6d-428049b6d04f,completion.cooking,available,25.2,25.2,high,low,10,cloudflare,,,28/09/2026 10:41
ee2fc2a9-b33a-446f-a34c-6f3e31fc81d4,coy.cooking,premium,47.2,29.5,high,low,3,namesilo,,,24/09/2026 01:10
8b95f6bf-5861-4ff3-8f5b-1833f7a13e25,sandwich.cooking,premium,41.6,26.08,high,low,8,spaceship,,,30/09/2026 10:33
bb85d8df-883d-4383-b4cf-21724ee04f90,lena.cooking,available,32.49,32.49,high,low,4,namesilo,,,25/09/2026 08:55
aa818e6a-5e30-4709-9d71-c0605ad37034,negroid.cooking,available,32.49,32.49,medium,low,7,namesilo,,,03/09/2026 15:14
318507d4-52e6-4493-8c9a-2d593ba08f57,capsular.cooking,available,32.49,32.49,medium,low,8,namesilo,,,08/09/2026 04:10
078615a8-0a9d-475d-a9a5-fef4db05be50,vacuous.cooking,available,32.49,32.49,low,low,7,namesilo,,,07/08/2026 02:52
3030d628-56fe-4688-aa66-e536078847fd,armchair.cooking,available,32.49,32.49,high,low,8,namesilo,,,20/09/2026 06:33
d228d72c-1e6c-4690-a4cb-725aa08bbd9b,adz.cooking,premium,47.2,29.5,medium,low,3,namesilo,,,17/09/2026 12:01
47b0e141-88ad-45ef-b3f2-bffddadeda22,grandchild.cooking,available,25.2,25.2,high,low,10,cloudflare,,,29/09/2026 21:23
dd436865-fb8e-443d-92af-4155c64d4a49,estonian.cooking,available,32.49,32.49,high,low,8,namesilo,,,17/08/2026 13:27
a95b5fd1-6ed7-483c-955c-6e71e9d487f0,paducah.cooking,available,32.49,32.49,high,low,7,namesilo,,,30/09/2026 10:47
cee632a2-b3b2-4a68-97aa-5937abd4daee,wildfires.cooking,available,26.08,26.08,medium,low,9,spaceship,,,30/09/2026 07:46
fba533e5-235a-446d-a767-1e6ee06df699,alcibiades.cooking,available,32.49,32.49,medium,low,10,namesilo,,,18/09/2026 04:00
eee674dd-6230-4734-b5c9-fe6b12f240a1,delivers.cooking,available,32.49,32.49,medium,low,8,namesilo,,,29/09/2026 10:50
2fe3a404-331c-4538-a2b2-094240374ace,auspicate.cooking,available,32.49,32.49,medium,low,9,namesilo,,,21/09/2026 03:29
7ad42deb-b47c-44f9-873a-ceca6b32b44d,allophonic.cooking,available,32.49,32.49,medium,low,10,namesilo,,,
95dc1696-dfd2-4d4b-9455-5b6cafcf7c99,agastache.cooking,available,32.49,32.49,medium,low,9,namesilo,,,17/09/2026 16:24
9cfb7c12-9561-4528-898c-fac5c2ea1a93,barren.cooking,available,32.49,32.49,medium,low,6,namesilo,,,08/08/2026 20:57
6c600643-22d7-4f06-9e4e-f928fbd40e34,enrico.cooking,available,32.49,32.49,medium,low,6,namesilo,,,28/09/2026 13:31
c7e346c3-7731-4601-84ec-012790b6a2a6,beany.cooking,available,33.98,43.98,high,low,5,namecheap,,,22/09/2026 20:33
316a6639-6a85-4ecf-96e3-cd31ba4f9862,unplug.cooking,available,32.49,32.49,high,low,6,namesilo,,,29/09/2026 15:31
61d6e39d-dc22-478c-a5c9-ca9ca9d27b46,primadonna.cooking,available,43.98,,medium,low,11,namecheap,,,
696c6427-397b-4b84-a021-147fc6cbad45,botchy.cooking,available,33.98,43.98,medium,low,6,namecheap,,,10/08/2026 20:53
afc7ca08-0a6a-493b-a940-f0710ab00d29,accepts.cooking,available,33.98,43.98,medium,low,7,namecheap,,,29/09/2026 11:07
f0430061-3ec8-4c63-99ad-1d6e7d58e7fe,uri.cooking,premium,,,high,low,3,,,,28/09/2026 21:32
7bfb052f-2d31-4adf-875e-a9925db5f868,acidosis.cooking,available,33.98,43.98,medium,low,8,namecheap,,,17/09/2026 01:28
2f42d3e3-c96a-4af4-b707-81085cc94ee1,dalmatia.cooking,available,32.49,32.49,medium,low,8,namesilo,,,29/09/2026 12:00
788313c8-493a-4f0a-8eb3-a9f16e512f38,peabody.cooking,available,26.08,26.08,medium,low,7,spaceship,,,29/09/2026 00:46
da09adab-7312-49d7-ba9c-ee92281fdce2,dior.cooking,available,33.98,43.98,high,medium,4,namecheap,,,24/09/2026 14:51
45c6b6d1-46bc-4019-8035-c1f1909d63ef,unshielded.cooking,available,33.98,43.98,medium,low,10,namecheap,,,12/09/2026 19:49
fd23536b-04e0-4374-91d8-b657ee41cc06,rejoicing.cooking,available,32.49,32.49,high,low,9,namesilo,,,17/08/2026 19:50
0d3eb96a-b701-463d-90e3-40cac5a3eeb9,rattled.cooking,available,32.49,32.49,medium,low,7,namesilo,,,18/08/2026 09:33
c096d4c2-0ad0-4a47-87f2-70c35e4c1ac0,omen.cooking,available,33.98,43.98,high,low,4,namecheap,,,27/09/2026 07:13
29a19e7c-6907-4e87-bf39-03cc978182c7,turkestan.cooking,available,26.08,26.08,medium,low,9,spaceship,,,30/09/2026 03:05
5614fec6-5182-439a-9b8e-8c8eb6fee499,medieval.cooking,available,32.49,32.49,high,low,8,namesilo,,,12/08/2026 06:12
f3d07d75-5022-4652-b648-20e67d8c50fb,proudly.cooking,available,32.49,32.49,high,low,7,namesilo,,,15/09/2026 21:48
eb74491a-2aaa-40e0-8e74-07eb6cc6e328,tickling.cooking,available,32.49,32.49,high,low,8,namesilo,,,11/09/2026 15:27
aaafa550-04a4-4db7-8fca-0758d336d17b,precatory.cooking,available,32.49,32.49,high,medium,9,namesilo,,,09/09/2026 01:11
843bfa92-8dcb-40ed-a603-df904e4275a3,strip.cooking,available,33.98,43.98,high,low,5,namecheap,,,24/09/2026 05:53
c44449e5-5b29-4148-a0e1-147bd125900e,nights.cooking,available,33.98,43.98,high,low,6,namecheap,,,17/09/2026 22:10
78f34456-4757-482e-8b01-406109de37d4,truncated.cooking,available,32.49,32.49,medium,low,9,namesilo,,,11/09/2026 20:42
3b255e6b-29ca-405e-9770-cab478f31700,taint.cooking,available,32.49,32.49,medium,low,5,namesilo,,,24/09/2026 17:39
e5583ea5-987e-4f5b-9539-f43fc922e7cf,potpourri.cooking,available,32.49,32.49,high,low,9,namesilo,,,25/08/2026 08:24
535ec456-c316-4be1-9410-7cb04fae28ad,knicks.cooking,available,32.49,32.49,high,low,6,namesilo,,,30/09/2026 13:14
12508c28-3a6b-444a-9b0c-a98c721449a8,honored.cooking,available,32.49,32.49,high,low,7,namesilo,,,17/08/2026 13:25
4c1f9c1d-e3f7-4d53-82aa-764e62f7aace,jillion.cooking,available,33.98,43.98,medium,low,7,namecheap,,,11/09/2026 19:52
99708edb-7b91-4023-9b6b-d3283574c7db,hatless.cooking,available,32.49,32.49,medium,low,7,namesilo,,,21/08/2026 01:20
a65592e2-26c4-4e3f-a390-e5881228b888,suitcase.cooking,available,32.49,32.49,high,low,8,namesilo,,,28/09/2026 06:48
23b781e7-fd6a-410e-bcea-8d01a3e4afcb,sydney.cooking,premium,242,29.5,high,low,6,namesilo,,,25/09/2026 10:47
8eff4092-d360-4c77-b745-8473ccb25066,neoclassic.cooking,available,32.49,32.49,medium,low,10,namesilo,,,03/09/2026 15:21
95d708e3-8718-4dad-82e2-8fc3c90d9976,ammonium.cooking,available,33.98,43.98,high,low,8,namecheap,,,18/09/2026 22:10
19479513-5674-4350-903a-91328676dab2,olfactive.cooking,available,32.49,32.49,medium,low,9,namesilo,,,04/09/2026 02:13
54546c9e-37a3-4b91-94b9-9077a3bb671b,tierce.cooking,available,32.49,32.49,medium,low,6,namesilo,,,
1d8f4e03-7480-4979-af2e-136907db4f10,satan.cooking,available,32.49,32.49,high,low,5,namesilo,,,29/09/2026 01:53
930ff229-0819-4973-b6f0-027c39c6f1e7,baiza.cooking,available,33.98,43.98,medium,low,5,namecheap,,,21/09/2026 19:33
91334600-f503-479d-8d93-1e857d8791b4,carpetbag.cooking,available,32.49,32.49,medium,low,9,namesilo,,,11/08/2026 19:44
52d1ceca-7fe0-4ead-8e08-2743880c63b6,unknown.cooking,available,32.49,32.49,high,low,7,namesilo,,,03/09/2026 12:55
7c5ee2d3-1339-4096-bbce-e7e03318ed99,sapid.cooking,available,32.49,32.49,high,low,5,namesilo,,,18/08/2026 07:14
6793a747-a080-4bd7-81e7-8f6888cbc066,generates.cooking,available,32.49,32.49,medium,low,9,namesilo,,,08/09/2026 05:16
2108dbce-6ab3-4cd8-9207-43e977a87094,odyssey.cooking,available,25.2,25.2,high,medium,7,cloudflare,,,29/09/2026 19:51
cd7dbe16-c747-4131-bb4f-a1b1c40cccab,auspex.cooking,available,32.49,32.49,medium,low,6,namesilo,,,21/09/2026 03:22
a128f0bb-2daa-4960-8e95-621b5aaddd00,worthy.cooking,available,26.26,26.26,high,low,6,porkbun,,,28/09/2026 11:05
03d0e9d0-acfe-4045-9c61-d26a5fa5bfa2,arginine.cooking,available,33.98,43.98,medium,low,8,namecheap,,,20/09/2026 04:24
4e80b463-b744-4d85-b47a-83af4b208010,lee.cooking,premium,96,29.5,high,medium,3,namesilo,,,22/08/2026 22:18
6961e93d-3982-42cc-b664-daf558f8b9bc,asgard.cooking,available,32.49,32.49,high,low,6,namesilo,,,20/09/2026 13:34
0d81d469-43b9-4de9-81dd-b6d8bda60b8f,nuptial.cooking,available,32.49,32.49,high,low,7,namesilo,,,11/08/2026 03:55
3e36fa14-ae09-4734-ade4-6137dc28d7ff,stoker.cooking,available,32.49,32.49,medium,low,6,namesilo,,,16/09/2026 16:53
471bbefe-80c7-4f11-bc41-1ec0c892ce6e,agility.cooking,available,33.98,43.98,high,low,7,namecheap,,,17/09/2026 17:49
6822214e-6516-4bb2-8ab5-c2eb47f40083,contributor.cooking,available,26.97,26.97,high,low,11,dynadot,,,30/09/2026 19:30
c9d8ea62-a23a-4d01-a720-00ab2579d87a,hannukah.cooking,available,25.2,25.2,medium,low,8,cloudflare,,,29/09/2026 08:07
f947aacf-4798-4c8f-a5b6-bc7ca5c48a23,retaliation.cooking,available,25.2,25.2,medium,low,11,cloudflare,,,29/09/2026 23:02
e6fb15f1-9e99-4290-84c1-c46eb1c02441,greenwich.cooking,available,26.97,26.97,high,low,9,dynadot,,,29/09/2026 12:58
1db78f5c-92ac-4596-aa1c-70c9a5dad4ea,clxxv.cooking,available,32.49,32.49,medium,low,5,namesilo,,,
01823b0b-1564-4209-a1a3-6195d3f47080,allegation.cooking,available,32.49,32.49,high,low,10,namesilo,,,18/09/2026 10:09
0358fd18-cbaa-4ec4-8222-6ab4a010be9f,perl.cooking,available,26.97,26.97,high,low,4,dynadot,,,29/09/2026 21:52
0a66fcd7-3435-4a4d-9254-de6138a16ede,carrollton.cooking,available,32.49,32.49,high,low,10,namesilo,,,29/09/2026 22:42
ffade129-2463-4138-8495-1d8c35b3fbb2,shunning.cooking,available,32.49,32.49,medium,low,8,namesilo,,,21/09/2026 09:50
999dbbf6-c8a7-43b7-acf7-8ec81e9b44ed,endorse.cooking,available,32.49,32.49,high,low,7,namesilo,,,08/09/2026 09:45
8c243169-89e0-43dd-bd69-76a2885bdc36,whimsey.cooking,available,32.49,32.49,medium,low,7,namesilo,,,20/09/2026 00:43
43c0ecb7-69cd-48b9-8052-5f6fb8df30a6,clunk.cooking,available,32.49,32.49,medium,low,5,namesilo,,,11/09/2026 15:10
602d423b-f37c-4852-b372-fb5ab5c9f3d6,incestuous.cooking,available,32.49,32.49,medium,low,10,namesilo,,,22/08/2026 01:12
0206028b-b796-4e92-a605-ee6aadd22f11,journalism.cooking,available,33.98,43.98,high,low,10,namecheap,,,30/09/2026 00:56
18b738a6-63da-400a-857c-d58eea3d3146,alkahest.cooking,available,32.49,32.49,medium,low,8,namesilo,,,18/09/2026 03:42
3fb8cf88-8286-4189-a683-4b4b23cfde6f,nkvd.cooking,available,26.08,26.08,medium,low,4,spaceship,,,30/09/2026 04:47
4694ed67-ffda-4a53-a22c-e114839361ae,vegetative.cooking,available,32.49,32.49,medium,low,10,namesilo,,,13/09/2026 01:44
02d8666c-8f4d-4e31-9e95-e15eed98d735,algiers.cooking,available,32.49,32.49,medium,low,7,namesilo,,,18/09/2026 06:59
4fd05ab2-0120-4ae6-9ec2-6d91e4cafe68,forcible.cooking,available,32.49,32.49,medium,low,8,namesilo,,,18/08/2026 11:19
9cce5952-1430-47c4-9baa-7a3f724a0ea2,sylvia.cooking,available,26.08,26.08,high,low,6,spaceship,,,27/09/2026 19:08
5a5d8f83-8f4e-4f94-85d6-9a916bd5ae5b,nobble.cooking,available,32.49,32.49,medium,low,6,namesilo,,,14/09/2026 07:56
d0832206-a8eb-46ce-a419-8142f3c3c097,airway.cooking,available,32.49,32.49,high,low,6,namesilo,,,17/09/2026 22:13
635fa6ad-025c-42d1-8341-7ae3c033de13,linger.cooking,available,32.49,32.49,medium,low,6,namesilo,,,11/09/2026 08:37
4d20a811-cfc6-43ac-a2ae-14f9c95f0117,karl.cooking,available,32.49,32.49,high,low,4,namesilo,,,25/09/2026 13:41
390ec8ac-0be7-432a-8fc4-14fd3c5ad5f1,sheik.cooking,available,46.99,46.99,high,low,5,name.com,,,13/08/2026 17:11
7edde123-912c-4b7d-97fe-863cb3586aeb,handcuffs.cooking,available,25.2,25.2,medium,low,9,cloudflare,,,30/09/2026 14:17
902dbfdc-b561-448d-8c6b-4574aaeece97,itch.cooking,available,25.2,25.2,high,low,4,cloudflare,,,29/09/2026 19:24
e121fb33-7c7c-4f51-b324-fb02bd7e2b3d,rampageous.cooking,available,32.49,32.49,high,medium,10,namesilo,,,09/09/2026 10:10
8818bbf5-337a-453a-85fa-dd4773cd6013,forego.cooking,available,32.49,32.49,high,low,6,namesilo,,,18/08/2026 11:52
0380316a-d60d-456b-93fb-18fea78de70c,arrester.cooking,available,32.49,32.49,medium,low,8,namesilo,,,20/09/2026 09:09
e986aac5-78d6-4997-a005-95f6f93bfeb9,tapering.cooking,available,32.49,32.49,medium,low,8,namesilo,,,14/08/2026 21:50
6ae351d5-d2e8-4b0d-ab06-e8ba465e509e,front.cooking,available,32.49,32.49,high,low,5,namesilo,,,24/09/2026 21:48
a5cc9034-3b78-441f-a0cd-c9f16aa8406e,organiser.cooking,available,32.49,32.49,high,low,9,namesilo,,,20/09/2026 08:46
9fc7900f-0513-4e8d-bcfb-e201f279d009,belmont.cooking,available,32.49,32.49,high,low,7,namesilo,,,23/09/2026 06:57
9e2dfb33-f13c-4a90-9526-f76b102d8aa6,warped.cooking,available,32.49,32.49,medium,low,6,namesilo,,,13/09/2026 08:27
70ff54b2-dab4-4f3f-ae86-d25c37054425,tighten.cooking,available,32.49,32.49,high,low,7,namesilo,,,29/09/2026 14:16
3d0075c3-4922-4b28-9047-657dc3b2c938,guerrilla.cooking,available,32.49,32.49,high,low,9,namesilo,,,22/08/2026 10:14
92ef8ef0-0c47-4926-9750-69249576f439,ampere.cooking,available,32.49,32.49,high,low,6,namesilo,,,18/09/2026 23:06
f8540093-067f-4812-abb4-f9aac29a8187,beam.cooking,available,32.49,32.49,high,medium,4,namesilo,,,29/09/2026 00:40
b9f7dfbc-4e74-4297-a193-2d53f66095b3,ulcer.cooking,available,32.49,32.49,medium,low,5,namesilo,,,30/09/2026 11:13
0b58bce8-9f8a-4f67-94b9-19c01313ff80,grazed.cooking,available,33.98,43.98,medium,low,6,namecheap,,,20/08/2026 19:29
eb12466c-23f0-4fb1-85be-bf542a70ff30,hypothesis.cooking,available,25.2,25.2,high,low,10,cloudflare,,,29/09/2026 02:33
8699b58e-5526-420b-8eb3-0492aa2d62dd,zoology.cooking,available,32.49,32.49,high,low,7,namesilo,,,01/10/2026 02:02
0627ceea-f56d-4545-9836-a3108643a7a2,alosa.cooking,available,32.49,32.49,medium,low,5,namesilo,,,18/09/2026 13:26
5696eeba-4b58-4c10-b59e-b1a3580bca26,energiser.cooking,available,33.98,43.98,medium,low,9,namecheap,,,19/09/2026 09:08
8bc59cf3-312c-44c9-9522-8b7172a61407,iras.cooking,available,26.08,26.08,high,low,4,spaceship,,,30/09/2026 22:23
bec3522e-feb6-4426-816a-1df0e5534998,scouts.cooking,available,26.08,26.08,high,low,6,spaceship,,,28/09/2026 04:05
46b8c566-175c-4368-8508-21ec8b6430dc,gruff.cooking,available,32.49,32.49,high,low,5,namesilo,,,13/08/2026 11:25
e1ce3232-7aea-4de6-a2a3-2b148bc9a78a,tale.cooking,available,32.49,32.49,high,low,4,namesilo,,,03/09/2026 13:20
7d9aba75-044d-4328-a097-1424118f3578,arlene.cooking,available,32.49,32.49,medium,low,6,namesilo,,,29/09/2026 22:07
3368c2a6-8d6f-4cb1-902e-137bca734003,cannot.cooking,available,26.08,26.08,high,low,6,spaceship,,,01/10/2026 01:49
7982ce9c-1ccf-4872-b46c-ee57f8b92f83,specified.cooking,available,32.49,32.49,high,medium,9,namesilo,,,10/09/2026 15:25
38b6b13d-230b-4ebc-8782-e50fe6944cfa,undesigned.cooking,available,32.49,32.49,medium,low,10,namesilo,,,12/09/2026 07:46
9fcdaae3-1355-4cda-bfe9-dbd79c9011b2,smarts.cooking,available,33.98,43.98,high,low,6,namecheap,,,16/09/2026 18:16
65b63f89-24a2-4785-84c5-bdad4d53fce2,extramural.cooking,available,33.98,43.98,medium,low,10,namecheap,,,17/08/2026 19:18
98910722-e5ef-4976-92a0-8a61a9e1cd3c,picaresque.cooking,available,33.98,43.98,high,medium,10,namecheap,,,08/09/2026 19:30
71a238ea-ace7-4fa7-a935-46607a611039,pictorial.cooking,available,32.49,32.49,high,low,9,namesilo,,,23/08/2026 01:46
5c88b80c-92bd-4387-b3e7-77b7633a36f1,lauderdale.cooking,available,32.49,32.49,high,low,10,namesilo,,,30/09/2026 22:04
b728fe9b-331a-4401-8a24-4ee2be837592,skittish.cooking,available,32.49,32.49,medium,low,8,namesilo,,,10/09/2026 09:48
42342677-f74c-4215-8b9c-69aacdb64494,urge.cooking,available,26.08,26.08,high,low,4,spaceship,,,28/09/2026 19:09
efc38076-ab58-4fd3-9364-f060a79a44c1,coyote.cooking,available,33.98,43.98,high,low,6,namecheap,,,28/09/2026 13:37
2ce649cd-206f-47bc-afb3-feee68747d41,foursquare.cooking,available,32.49,32.49,high,low,10,namesilo,,,18/08/2026 13:48
43f9758e-1501-4238-aa01-2e71429e0495,ahmad.cooking,available,32.49,32.49,high,low,5,namesilo,,,27/09/2026 07:37
73f56bef-643f-48cd-bdca-40c24fabe6c1,violation.cooking,available,32.49,32.49,high,low,9,namesilo,,,30/09/2026 00:09
60e8a7dc-f5fa-4952-a363-b27a3630a5c3,inglorious.cooking,available,33.98,43.98,medium,low,10,namecheap,,,21/08/2026 18:25
592cdc33-810f-46af-b728-e5234b86c1bc,canonized.cooking,available,32.49,32.49,medium,low,9,namesilo,,,11/08/2026 17:25
111ab9b9-4697-42db-b5c3-9b58f3878eba,cerebellar.cooking,available,32.49,32.49,medium,low,10,namesilo,,,12/08/2026 00:28
ba8d65e5-1dfb-485a-80b5-c05e60f4b57f,shavian.cooking,available,32.49,32.49,high,medium,7,namesilo,,,10/09/2026 06:09
2395ed33-2899-4d20-95b1-075c11e9df9b,site.cooking,available,32.49,32.49,high,medium,4,namesilo,,,25/09/2026 23:13
447ef4cd-cf2c-4dde-8da3-2ff3481f48d0,ariose.cooking,available,32.49,32.49,medium,low,6,namesilo,,,06/08/2026 19:19
dd33b07f-38cd-4c14-a127-66e9d6c45b7c,hawkins.cooking,available,26.08,26.08,medium,low,7,spaceship,,,28/09/2026 09:24
7d052e71-1ea9-4f87-833e-90f55646eb34,ruly.cooking,available,33.98,43.98,high,medium,4,namecheap,,,09/09/2026 19:21
0bfc1762-9d78-4337-a817-360646aa635c,postwar.cooking,available,32.49,32.49,medium,low,7,namesilo,,,09/09/2026 00:42
902a0f58-296b-4443-a6af-e5866fa17636,sale.cooking,available,25.2,25.2,high,low,4,cloudflare,,,29/09/2026 13:09
a901589e-9275-4ce8-b389-2b0ed8ac675c,detail.cooking,available,32.49,32.49,high,low,6,namesilo,,,29/09/2026 14:10
d020bc7b-0ad9-4d70-a9a4-cd83b7cdc9f6,cobalt.cooking,available,32.49,32.49,high,low,6,namesilo,,,20/09/2026 22:41
c579318b-0c05-4729-8d38-16ae0ba1acfc,fey.cooking,premium,47.2,29.5,medium,low,3,namesilo,,,16/08/2026 03:39
2bc9c2df-6a9d-46d0-8283-21ab8401168c,marley.cooking,available,26.08,26.08,medium,low,6,spaceship,,,29/09/2026 00:11
987a6b10-a87d-40e0-9105-40896c86707e,livelong.cooking,available,32.49,32.49,high,low,8,namesilo,,,24/08/2026 07:57
043eb675-fb82-4e51-8511-87f829859bff,nettled.cooking,available,32.49,32.49,medium,low,7,namesilo,,,
e6f32981-02f5-4985-aea1-b4609898be29,quick.cooking,premium,242,29.5,high,medium,5,namesilo,,,21/09/2026 23:09
1d233c07-8de9-45ea-8694-edf5af14df58,pita.cooking,available,26.26,26.26,high,low,4,porkbun,,,30/09/2026 06:47
659fcda4-082e-430b-b26d-5c3cd674f3a6,yoshida.cooking,available,26.26,26.26,high,low,7,porkbun,,,29/09/2026 11:11
72537b1d-c376-4d7e-a47f-21b4efebe6dd,legibility.cooking,available,32.49,32.49,high,low,10,namesilo,,,24/09/2026 22:31
d2b2a65d-1377-4a50-9fcf-fb1b2f28c5c8,ship.cooking,available,25.2,25.2,high,medium,4,cloudflare,,,30/09/2026 11:08
7a093276-783f-4d85-9203-1e8a5a94e6fa,livonia.cooking,available,32.49,32.49,medium,low,7,namesilo,,,30/09/2026 02:09
18b50c5d-b30a-4678-8d69-5d6183c8761d,captain.cooking,available,26.08,26.08,high,low,7,spaceship,,,29/09/2026 07:28
2fba5b2b-e5db-4182-9bad-c2ae18b56743,emmet.cooking,available,32.49,32.49,medium,low,5,namesilo,,,19/09/2026 12:15
4db073ff-a88b-4c8e-a268-d7c0f73b4960,wino.cooking,available,33.98,43.98,medium,low,4,namecheap,,,14/08/2026 20:26
51092950-4e08-45ca-83e1-c00a648a51cd,sentiment.cooking,available,32.49,32.49,high,low,9,namesilo,,,28/09/2026 15:00
8b9b6a35-7108-48db-811a-1c0a52ed88f0,untwisted.cooking,available,32.49,32.49,medium,low,9,namesilo,,,12/09/2026 21:56
258cde2d-775a-413f-b850-85d15eaf758b,dystopian.cooking,available,32.49,32.49,medium,low,9,namesilo,,,14/08/2026 22:10
6379163a-f3ec-4b27-8278-6f67df5b51e3,bacchanal.cooking,available,32.49,32.49,high,low,9,namesilo,,,08/08/2026 04:14
366ec697-4529-4dd6-ad84-af7a16a4b3a5,sexton.cooking,available,33.98,43.98,medium,low,6,namecheap,,,19/09/2026 10:22
798b06cb-0a9b-47b2-bc2e-c84f625f1d95,eliot.cooking,available,32.49,32.49,high,low,5,namesilo,,,25/09/2026 05:27
6650772e-8553-4354-97f1-214021961fe3,wilma.cooking,available,32.49,32.49,high,low,5,namesilo,,,30/09/2026 03:44
021e590e-bcd8-436d-b6ee-4a3967028027,prisons.cooking,available,26.08,26.08,medium,low,7,spaceship,,,29/09/2026 11:25
766a981b-886d-45ca-a75a-63307ac1cd06,manhattan.cooking,premium,242,29.5,high,low,9,namesilo,,,25/09/2026 23:31
e9b231ae-b75f-49b3-a92f-342a9ec4e597,stems.cooking,available,26.26,26.26,medium,low,5,porkbun,,,30/09/2026 05:53
dd474315-26a3-48ab-94a7-d99d07b544d2,atavistic.cooking,available,32.49,32.49,low,low,9,namesilo,,,07/08/2026 12:55
6ae2c4cd-61eb-462f-8b6f-5adfd369bda5,sousa.cooking,available,33.98,43.98,medium,low,5,namecheap,,,28/09/2026 19:33
08657c66-d5af-4f8e-ae4b-30b638590846,glider.cooking,available,32.49,32.49,high,low,6,namesilo,,,01/10/2026 02:19
81d1a531-d7cf-469b-a445-4571fe545942,gibb.cooking,available,26.97,26.97,medium,low,4,dynadot,,,29/09/2026 22:06
52a45a98-e7cc-446b-93a7-aaeb4283cb47,culprit.cooking,available,25.2,25.2,medium,low,7,cloudflare,,,01/10/2026 01:38
99eaaa50-1983-4321-9c38-236493da3df3,messaging.cooking,available,26.08,26.08,high,low,9,spaceship,,,29/09/2026 06:22
338a2788-8358-4549-b6c1-3057e62f88ee,foggy.cooking,available,32.49,32.49,medium,low,5,namesilo,,,10/08/2026 16:21
0a383586-1789-4036-8734-a95ac3c4373c,downs.cooking,available,26.08,26.08,medium,low,5,spaceship,,,29/09/2026 09:11
61138486-778e-4e7f-8e0f-e2a000025ec5,drumming.cooking,available,49.99,49.99,high,low,8,godaddy,,,30/09/2026 01:23
a01a4d9d-fd18-4989-b8e0-7ea692120211,eventual.cooking,available,26.08,26.08,high,low,8,spaceship,,,30/09/2026 14:31
58ec4936-4e15-4a0a-8e25-10ccf3b436bd,agilely.cooking,available,33.98,43.98,medium,low,7,namecheap,,,13/09/2026 18:16
eebd6ac2-534b-4196-9f00-024660ea8555,garza.cooking,available,26.08,26.08,medium,low,5,spaceship,,,28/09/2026 21:33
9fab1538-0d51-4346-88c9-03a0baf7c615,signaling.cooking,available,32.49,32.49,high,medium,9,namesilo,,,10/09/2026 08:00
5a73f7c5-f787-4eba-8c52-ba203ce47424,shooters.cooking,available,26.08,26.08,medium,low,8,spaceship,,,01/10/2026 00:26
b8bb0182-2b28-41eb-ab0a-9b4411d3e184,escaping.cooking,available,26.08,26.08,high,low,8,spaceship,,,28/09/2026 21:14
28ea564c-49f2-4f1b-8295-68ca09976d6a,finn.cooking,premium,83,26.08,high,low,4,spaceship,,,28/09/2026 05:42
c9afdfe5-ab46-4dc1-80ff-407bea18e153,shave.cooking,available,32.49,32.49,high,low,5,namesilo,,,08/09/2026 20:41
812ce261-1724-484b-a962-5d2fb1f342df,cytolytic.cooking,available,46.99,46.99,medium,low,9,name.com,,,13/08/2026 14:42
39f05a7e-3b98-47d9-a2f8-2f6919f89715,negligible.cooking,available,32.49,32.49,medium,low,10,namesilo,,,03/09/2026 15:08
b9e09197-cb49-4e53-b8cd-9b6a6a5df20b,fed.cooking,premium,96,29.5,high,low,3,namesilo,,,25/09/2026 22:43
d66dbb18-38d7-43cd-b608-ba9e06266d97,roxbury.cooking,available,26.08,26.08,medium,low,7,spaceship,,,28/09/2026 12:20
e2124a2c-35c5-4ded-9001-783321773f2a,eighteenth.cooking,available,32.49,32.49,high,low,10,namesilo,,,
e98a1d89-4175-4eb7-b6df-c1413323364e,subalpine.cooking,available,32.49,32.49,medium,low,9,namesilo,,,
c9ea873a-c7d5-48ea-b2d1-489f20ebfde2,babies.cooking,available,32.49,32.49,high,low,6,namesilo,,,
ab4a0116-0c3e-4646-a1b8-74efd901b40f,proverbial.cooking,available,32.49,32.49,high,low,10,namesilo,,,09/09/2026 04:32
7227c481-443a-4564-970d-52a21fa454ca,proxy.cooking,available,26.08,26.08,high,medium,5,spaceship,,,30/09/2026 02:30
620bd0ff-0b83-4d9e-9b43-4264e5913657,unbooked.cooking,available,32.49,32.49,medium,low,8,namesilo,,,12/09/2026 02:19
cf25c12a-5510-4abc-8787-f265266204fa,screecher.cooking,available,32.49,32.49,medium,low,9,namesilo,,,22/09/2026 17:04
a60faef1-df24-43a0-80f9-f8b8a283862c,impure.cooking,available,32.49,32.49,medium,low,6,namesilo,,,21/08/2026 23:30
4296c66d-f3d6-4a2d-8067-ec1247343559,ganja.cooking,available,32.49,32.49,high,low,5,namesilo,,,29/09/2026 06:40
b5ce1790-fc3e-44a1-93f7-b012899d0fb8,bandmaster.cooking,available,32.49,32.49,high,low,10,namesilo,,,22/09/2026 01:26
c201118d-04c5-415b-9462-16f40d93f340,sparely.cooking,available,32.49,32.49,medium,low,7,namesilo,,,16/09/2026 05:49
1d28a7bc-6753-4c9f-8b62-418873c0f878,separation.cooking,available,33.98,43.98,high,low,10,namecheap,,,30/09/2026 10:56
b42481a4-76fd-4b66-ae77-5f05dc6a70a0,relocations.cooking,available,32.49,32.49,medium,low,11,namesilo,,,21/09/2026 08:41
4ce2f307-b49d-44f6-a39e-341aa561d5e7,aquatics.cooking,available,32.49,32.49,high,low,8,namesilo,,,19/09/2026 23:08
ddeee365-2a65-41ec-8f4d-21eaa7044424,donkey.cooking,available,32.49,32.49,high,low,6,namesilo,,,29/09/2026 16:28
f4e8c195-d444-48a4-807c-2fd5d28aaeb3,rei.cooking,premium,47.2,29.5,high,low,3,namesilo,,,29/09/2026 08:49
5bd37d6b-dde3-45af-a6e9-5a9d33c03776,cat.cooking,premium,,,high,high,3,,,,27/09/2026 21:47
45e0d61f-a8f3-41f0-b37e-bb2c57b65ae4,consultants.cooking,available,26.08,26.08,medium,low,11,spaceship,,,01/10/2026 00:53
0db5965c-9fb8-4951-9962-27d0302b9be6,combining.cooking,available,26.08,26.08,high,low,9,spaceship,,,29/09/2026 18:23
a0d2a4d8-4eed-4a83-8ac3-ff85b2fd14a1,rounded.cooking,available,32.49,32.49,high,low,7,namesilo,,,19/09/2026 15:40
403ecc54-e301-4dc1-8f57-f1d04aca4937,bribable.cooking,available,32.49,32.49,medium,low,8,namesilo,,,11/08/2026 03:42
d4081485-bfd2-48a1-8e34-c5805d14f13c,strangers.cooking,available,32.49,32.49,medium,low,9,namesilo,,,
b9ebb22d-80b9-4811-929e-8085a863f46f,arbalest.cooking,available,32.49,32.49,medium,low,8,namesilo,,,20/09/2026 00:33
cfb705b1-d570-4b54-a2be-bfa56b63dbd9,harmony.cooking,premium,242,29.5,high,medium,7,namesilo,,,29/09/2026 10:31
46ae1a0f-ec9d-471c-b8ed-a70ab8452ba5,informally.cooking,available,26.08,26.08,medium,low,10,spaceship,,,28/09/2026 14:09
ddf612ec-102a-4122-b50b-97760355a2ce,responsive.cooking,available,32.49,32.49,high,low,10,namesilo,,,22/09/2026 06:49
5efd7a2e-9567-4525-8be5-beb86981fedd,coded.cooking,available,26.08,26.08,high,low,5,spaceship,,,30/09/2026 04:05
55921168-ff10-4b5f-8e1e-c7fc89c13ba4,tertiary.cooking,available,32.49,32.49,medium,low,8,namesilo,,,
eeb0c4f9-66fc-4e22-8673-4b4d05e2f793,catechetic.cooking,available,33.98,43.98,medium,low,10,namecheap,,,11/08/2026 21:25
b959451e-5467-4aea-9c5f-d38d7dc6989e,nonpublic.cooking,available,33.98,43.98,medium,low,9,namecheap,,,03/09/2026 20:20
a4462e45-cdbb-4440-9709-c52e4505a0ff,dumps.cooking,available,26.08,26.08,high,low,5,spaceship,,,30/09/2026 09:26
b839698c-9bc8-411c-9ce4-e781ecef3a2a,robbed.cooking,available,32.49,32.49,low,low,6,namesilo,,,27/09/2026 02:44
751cf539-7e78-4196-8037-39c647a0d76d,fitter.cooking,available,32.49,32.49,medium,low,6,namesilo,,,18/08/2026 05:48
1fe3e310-22ee-461c-8017-fbb3d9d8ceed,referenced.cooking,available,32.49,32.49,high,medium,10,namesilo,,,09/09/2026 12:34
77977b8c-a43e-45e5-bbad-7ba79f9c528a,tire.cooking,available,33.98,43.98,high,low,4,namecheap,,,25/09/2026 11:34
0d5b5ac7-b53d-4cbb-89f2-422f6892b605,engineers.cooking,available,26.08,26.08,high,low,9,spaceship,,,30/09/2026 21:06
3344cd2e-78e1-46fd-96a5-9d1d0819220a,anatolia.cooking,available,32.49,32.49,high,low,8,namesilo,,,19/09/2026 03:30
dc927d34-c639-4237-95a9-96911e9778b3,galicia.cooking,available,32.49,32.49,high,low,7,namesilo,,,28/09/2026 01:58
6bd31ef5-0b84-4822-9e7f-9097c69cf8be,feature.cooking,available,26.08,26.08,high,low,7,spaceship,,,30/09/2026 13:50
8645c7ae-b45c-43e9-990f-0ab1359d49d3,estimation.cooking,available,32.49,32.49,high,low,10,namesilo,,,19/09/2026 22:26
b2414378-cf14-41e1-984b-f4a95e4901a8,admittedly.cooking,available,33.98,43.98,medium,low,10,namecheap,,,11/09/2026 20:31
222d6aba-fcdb-4192-b8d6-d67e76be2062,periods.cooking,available,25.2,25.2,medium,low,7,cloudflare,,,28/09/2026 18:01
e9acec75-cb3b-4523-a74c-06475c983ffd,fast.cooking,premium,242,29.5,high,medium,4,namesilo,,,24/09/2026 04:50
476fa155-8c35-465f-96e4-8ec36b6a23af,cordially.cooking,available,32.49,32.49,medium,low,9,namesilo,,,14/09/2026 08:43
6dd5d296-156e-4c3b-b366-3aee5bda3387,companies.cooking,available,26.97,26.97,high,low,9,dynadot,,,01/10/2026 02:54
8e6de207-2bf6-49f0-8b45-ea963487c33c,benzol.cooking,available,32.49,32.49,high,low,6,namesilo,,,23/09/2026 08:53
ea358d0a-e070-4067-9d17-03b42de1fba9,disturbing.cooking,available,32.49,32.49,medium,low,10,namesilo,,,14/08/2026 13:16
a41f5770-355d-4e64-9866-00dc3bfd4502,conclusive.cooking,available,33.98,43.98,high,low,10,namecheap,,,23/09/2026 19:11
212124b2-d88d-4347-b9d5-119541e5aa24,conservation.cooking,available,26.08,26.08,high,low,12,spaceship,,,29/09/2026 23:26
27cc58e2-6e9f-4891-ba52-e89a8f69e7e4,wiggins.cooking,available,26.08,26.08,high,low,7,spaceship,,,28/09/2026 16:37
95986244-0d56-4639-8831-9086b290a1cf,ubiquitous.cooking,available,32.49,32.49,high,low,10,namesilo,,,04/09/2026 13:54
3aa5aab5-23e9-40e6-8cb8-34e48b74bb80,metastable.cooking,available,32.49,32.49,medium,low,10,namesilo,,,24/08/2026 21:47
b115b16e-7f2b-4203-a31a-b1ee4ec095fd,fireball.cooking,available,32.49,32.49,high,low,8,namesilo,,,21/09/2026 22:35
54ffe17c-0d6d-4342-9b11-3ea547fc1e1c,explaining.cooking,available,26.08,26.08,high,low,10,spaceship,,,27/09/2026 22:18
b27d67be-1cf1-4d85-812e-164563ca9cd8,resolution.cooking,available,25.2,25.2,high,low,10,cloudflare,,,29/09/2026 19:23
21d3d8eb-69ec-442b-b4ad-78a7c99b654a,confidant.cooking,available,32.49,32.49,high,low,9,namesilo,,,22/08/2026 08:30
14a4be42-11b5-4522-9811-cd6190b4281d,apprentice.cooking,available,32.49,32.49,high,low,10,namesilo,,,19/09/2026 22:15
1ed6bdc8-fe42-4224-bfbf-ad498684858f,years.cooking,available,25.2,25.2,high,low,5,cloudflare,,,29/09/2026 13:21
a9be366e-6c57-435f-aac1-a3f6ef77cb46,suffers.cooking,available,25.2,25.2,low,low,7,cloudflare,,,28/09/2026 17:03
4db76f2b-6fad-4126-b4d3-72bd8fc44f7f,partido.cooking,available,33.98,43.98,high,low,7,namecheap,,,29/09/2026 08:45
e8456505-2766-4a67-a39a-dd735fde50f3,proteins.cooking,available,32.49,32.49,medium,low,8,namesilo,,,08/09/2026 07:13
da41af3a-5a69-472b-a9d0-c3b59336471a,stain.cooking,available,32.49,32.49,high,low,5,namesilo,,,25/09/2026 16:55
6a9e5ff7-10b8-4ec5-aaff-2117e4176168,bit.cooking,premium,218.86,27.82,high,medium,3,porkbun,,,29/09/2026 02:55
aad6d09e-e8e7-4d18-badb-5b9c05f8b42e,altering.cooking,available,32.49,32.49,high,low,8,namesilo,,,18/09/2026 14:47
2933f8dd-89c0-48fa-b679-13508cbd9735,kathy.cooking,premium,83,26.08,high,low,5,spaceship,,,27/09/2026 19:14
cc9f14fd-2828-4083-844d-d776edff41e9,florid.cooking,available,32.49,32.49,medium,low,6,namesilo,,,07/08/2026 17:26
cae0b2da-20a5-43c2-96ba-94b33db68de0,valves.cooking,available,32.49,32.49,medium,low,6,namesilo,,,29/09/2026 23:44
2ef1bc4c-64a7-4a3c-a700-788f2ea3a2a8,zealot.cooking,available,32.49,32.49,medium,low,6,namesilo,,,08/09/2026 02:10
c8ce34d5-baf3-45af-a1ab-69f86fef810e,distress.cooking,available,32.49,32.49,high,low,8,namesilo,,,29/09/2026 16:17
d7213c39-4a88-4484-92f8-72933fc6faff,quixotic.cooking,available,33.98,43.98,medium,low,8,namecheap,,,09/09/2026 09:04
148dac54-d6f9-4415-bdac-4285bec0fa68,musique.cooking,available,26.08,26.08,high,low,7,spaceship,,,29/09/2026 10:25
6bef98c1-1c84-4ab8-81fe-8237dcfa9a6b,alvin.cooking,available,32.49,32.49,high,low,5,namesilo,,,25/09/2026 13:49
d5ffc948-af24-4f9d-b126-a9bf6cf9e549,sculpted.cooking,available,33.98,43.98,high,low,8,namecheap,,,20/08/2026 18:50
6ddbeaa3-2aed-4703-b679-f16d7a5cd268,adjustments.cooking,available,25.2,25.2,medium,low,11,cloudflare,,,30/09/2026 00:44
104389d6-f904-45f7-80e6-7d6648988d88,embark.cooking,available,33.98,43.98,high,low,6,namecheap,,,29/09/2026 20:34
34fab917-9eee-444d-afb3-5767ebbcf071,exceptions.cooking,available,26.26,26.26,low,low,10,porkbun,,,28/09/2026 23:04
7205cead-009c-436b-9485-ea56389f49e8,bombastic.cooking,available,33.98,43.98,high,low,9,namecheap,,,10/08/2026 18:01
9d086936-f727-4d6c-a297-77ca8f089f4a,rarities.cooking,available,26.97,26.97,medium,low,8,dynadot,,,01/10/2026 01:00
eaf1ec34-dfe1-4f41-9130-d8f56b45293c,poles.cooking,available,26.97,26.97,medium,low,5,dynadot,,,29/09/2026 10:31
fed4182f-08d5-4850-b32b-f6a7b86af0f6,awol.cooking,available,32.49,32.49,high,low,4,namesilo,,,08/08/2026 01:46
f157ce8d-5713-42b5-8b0b-9baa88052b6d,agonist.cooking,available,33.98,43.98,medium,low,7,namecheap,,,17/09/2026 18:56
f35c8477-52ac-4d97-89ce-d445cdb72f97,doodle.cooking,available,32.49,32.49,high,low,6,namesilo,,,24/09/2026 23:30
bdda3c4d-7846-4afa-8d3a-2611021ea75b,vulturous.cooking,available,32.49,32.49,high,medium,9,namesilo,,,09/09/2026 10:25
f191ee04-cef0-4a21-9949-7b8f5a4bc801,boreal.cooking,available,33.98,43.98,high,low,6,namecheap,,,10/08/2026 19:55
2d5d89d0-9bc4-44d4-962d-bccd9deae7eb,bastard.cooking,available,32.49,32.49,medium,low,7,namesilo,,,08/08/2026 23:19
188dbf83-bf70-486b-8ff1-6e272114b277,strike.cooking,available,32.49,32.49,high,low,6,namesilo,,,25/08/2026 00:52
cf5ccb47-c058-4775-bf52-46f0ab5d1514,phenomenal.cooking,available,32.49,32.49,high,low,10,namesilo,,,08/09/2026 18:46
22e22a12-ba58-4c67-a807-2a25391e246f,bitterness.cooking,available,32.49,32.49,medium,low,10,namesilo,,,17/09/2026 03:08
ab0633d0-4728-406e-8b17-9d704c995ee3,waco.cooking,available,32.49,32.49,high,low,4,namesilo,,,28/09/2026 06:51
9c1388f9-e2d1-49d2-926c-601ddba9729c,pierson.cooking,available,32.49,32.49,medium,low,7,namesilo,,,28/09/2026 23:01
a44e9dcd-18e9-435d-9fe7-da5a8a8a22de,antisemitism.cooking,available,32.49,32.49,medium,low,12,namesilo,,,30/09/2026 05:46
b3c01f12-6d90-49fd-9cc1-45b4f38989cc,als.cooking,premium,47.2,29.5,high,low,3,namesilo,,,18/09/2026 14:14
dce17117-4af7-4920-8527-3f08599be25d,ker.cooking,premium,41.6,26.08,medium,low,3,spaceship,,,30/09/2026 14:01
13e385de-f8f2-4a02-8a4c-6a836724feeb,epidermic.cooking,available,46.99,46.99,medium,low,9,name.com,,,13/08/2026 13:09
d57ed32f-f985-402b-9664-19076ec2565d,impeccable.cooking,available,32.49,32.49,high,low,10,namesilo,,,18/08/2026 00:09
85d6a7f8-09dd-41db-a088-61155a659907,slightly.cooking,available,32.49,32.49,medium,low,8,namesilo,,,16/09/2026 02:36
b40cefc1-bf60-4cb7-a4f3-c8ddeaad4a44,dung.cooking,available,26.08,26.08,medium,low,4,spaceship,,,30/09/2026 09:30
fc801f11-02f2-410e-8532-ecc30ba9bd03,factorial.cooking,available,33.98,43.98,high,low,9,namecheap,,,17/08/2026 20:29
79867424-f30d-45ae-86c6-320971e265cb,dutchess.cooking,available,25.2,25.2,high,low,8,cloudflare,,,29/09/2026 21:34
1b39ab46-df2c-4d58-b0e9-9a933dcf742a,modernized.cooking,available,32.49,32.49,high,low,10,namesilo,,,19/09/2026 17:17
ccbd1cfe-d11e-4a14-b27b-b55bd6c1f661,eureka.cooking,available,32.49,32.49,high,medium,6,namesilo,,,24/09/2026 17:33
68eb6171-b99a-4cce-b624-71cb884cb175,templeton.cooking,available,26.26,26.26,medium,low,9,porkbun,,,28/09/2026 22:24
d60034a4-5ae1-4cdb-a258-e8e3fdd74e4b,pliability.cooking,available,32.49,32.49,medium,low,10,namesilo,,,23/09/2026 07:42
5fcd0c1e-4dd6-4f86-840e-0fb8d2fcea90,failure.cooking,available,33.98,43.98,high,low,7,namecheap,,,25/09/2026 22:41
a1779809-0640-4272-9f04-a5e38fa442dd,murphy.cooking,premium,104,32.5,high,low,6,namecheap,,,25/09/2026 07:49
9a1a8dfb-2ff6-47ca-a326-ab4eca929d3b,army.cooking,premium,96,29.5,high,low,4,namesilo,,,20/09/2026 07:50
facd5db7-6852-4c55-8c83-b03ddddfec2a,eyeshadow.cooking,available,32.49,32.49,high,low,10,namesilo,,,
e231f57c-8cf4-44c7-b065-dc7a1e6c2c81,uracil.cooking,available,32.49,32.49,medium,low,6,namesilo,,,11/09/2026 22:36
18761858-4244-4c21-a021-18f68f04d196,benny.cooking,available,32.49,32.49,high,low,5,namesilo,,,23/09/2026 08:22
c73d14bf-2692-4882-8828-f92ce7a54635,satellites.cooking,available,32.49,32.49,medium,low,10,namesilo,,,
c60c8475-ff41-4c3b-85f2-ec538bb7e6fd,throbbing.cooking,available,32.49,32.49,high,low,9,namesilo,,,11/09/2026 14:47
03bc0c25-31be-43f6-a9e7-873d0dc13b56,cursively.cooking,available,32.49,32.49,medium,low,9,namesilo,,,14/09/2026 10:07
76fe5730-1864-4572-af70-5455b92d6b09,ephemeral.cooking,available,32.49,32.49,high,low,9,namesilo,,,17/08/2026 10:17
96453cd1-70d3-42af-a446-ae3892dbcc9b,jazz.cooking,available,26.08,26.08,high,low,4,spaceship,,,29/09/2026 20:07
581d1495-5f79-4126-bf24-e971c92e67b5,fingers.cooking,available,32.49,32.49,medium,low,7,namesilo,,,
1d4b611e-10f9-47dd-aadd-91415fc10fa2,over.cooking,premium,96,29.5,high,low,4,namesilo,,,22/09/2026 00:56
68f378df-6f70-4be5-845a-67c3b3cdd4b2,langston.cooking,available,26.08,26.08,medium,low,8,spaceship,,,29/09/2026 09:59
a0f865c1-6e23-41a9-8526-f995b4873dce,segal.cooking,available,26.08,26.08,medium,low,5,spaceship,,,28/09/2026 19:20
a778a208-ce54-49d7-8fae-0271f0e5b50c,seals.cooking,available,32.49,32.49,high,low,5,namesilo,,,
a97fcfa6-725d-4297-b825-7430016c64d0,walden.cooking,available,32.49,32.49,medium,low,6,namesilo,,,27/09/2026 08:12
1d542508-fb9d-46c1-8ceb-1a2b1c495b4d,luculent.cooking,available,32.49,32.49,medium,low,8,namesilo,,,24/08/2026 10:52
249ac191-f323-4c1e-863c-74bac472d6f3,ones.cooking,available,26.26,26.26,high,low,4,porkbun,,,01/10/2026 02:13
f53c6e6c-2efd-4b20-9607-f6ca9f30bb38,certain.cooking,available,25.2,25.2,high,low,7,cloudflare,,,27/09/2026 19:05
e57b4ddc-e119-4116-80b7-7fe131577426,abide.cooking,available,32.49,32.49,high,low,5,namesilo,,,29/09/2026 04:34
866e7098-4312-4f5b-993f-3d968fef0928,cabins.cooking,available,32.49,32.49,medium,low,6,namesilo,,,20/09/2026 12:16
933610c6-3a4b-4c5c-bb39-949a6f80a8e6,cfo.cooking,premium,47.2,29.5,high,low,3,namesilo,,,24/09/2026 13:41
fb496f93-44b5-4457-8f6b-b3f0c98f1798,thrill.cooking,available,32.49,32.49,high,low,6,namesilo,,,28/09/2026 05:48
7f55c3e3-7beb-4196-9aae-1b3fcd6f018a,reactor.cooking,available,26.08,26.08,high,low,7,spaceship,,,28/09/2026 10:36
d6bd2735-be35-4692-8910-928adad0381f,aphis.cooking,available,32.49,32.49,medium,low,5,namesilo,,,19/09/2026 17:05
aeed6110-fab0-452a-bb32-3d0a0a1ab3a1,angularity.cooking,available,32.49,32.49,medium,low,10,namesilo,,,19/09/2026 07:43
62faa1f2-ec28-4df0-8dbc-9c30629811bc,vestigial.cooking,available,32.49,32.49,medium,low,9,namesilo,,,13/09/2026 04:54
11899d80-81a8-4c9c-9ec8-1e3680cbd201,goldman.cooking,available,32.49,32.49,high,low,7,namesilo,,,25/09/2026 05:32
ad632e83-d78a-4a1b-9c54-df48a281a3fb,protein.cooking,premium,96,29.5,high,low,7,namesilo,,,08/09/2026 08:51
d1b64a93-4dc1-4686-9b52-46b5de6e7425,alexis.cooking,premium,96,29.5,high,low,6,namesilo,,,19/09/2026 02:23
2d75e8b8-b62b-4bfb-b572-2164279500b1,tortuous.cooking,available,33.98,43.98,medium,low,8,namecheap,,,11/09/2026 18:01
fda32cbc-291e-4ec7-9bc4-4dd715c57ed0,tribal.cooking,available,33.98,43.98,high,low,6,namecheap,,,11/09/2026 19:22
b6d03d1b-a82a-4caa-9b75-7c62061a5458,simon.cooking,available,32.49,32.49,high,medium,5,namesilo,,,25/09/2026 07:17
b5f3cc21-96cf-49cb-9416-985b1e11f74e,wry.cooking,premium,47.2,29.5,high,low,3,namesilo,,,22/08/2026 10:08
0e02d178-de0e-4f38-82d5-ec2d0246ad2c,period.cooking,available,26.08,26.08,high,low,6,spaceship,,,29/09/2026 07:41
836be0ae-080d-43ec-9536-06b21edb3a3d,unsilenced.cooking,available,33.98,43.98,medium,low,10,namecheap,,,12/09/2026 19:56
ca53042f-379e-4e41-97e0-2a622785aa1d,define.cooking,available,33.98,43.98,high,low,6,namecheap,,,24/09/2026 05:41
5c095409-e01b-4716-92a5-ed5705ebbf8c,foetal.cooking,available,32.49,32.49,medium,low,6,namesilo,,,18/08/2026 02:18
8188f29c-cdc6-466b-938f-f4c91d3a7a04,dozens.cooking,available,32.49,32.49,high,low,6,namesilo,,,14/09/2026 23:20
1b704689-4ed9-40f9-b496-1f084485140a,unlighted.cooking,available,32.49,32.49,medium,low,9,namesilo,,,12/09/2026 13:01
544bdb80-9b53-4eb4-9b0b-87a5755a40fa,capitalism.cooking,available,32.49,32.49,high,low,10,namesilo,,,29/09/2026 07:23
3851dd42-2fb2-4e1a-b1ee-524be25b6129,origins.cooking,available,32.49,32.49,medium,low,7,namesilo,,,16/09/2026 10:13
9ecfc82a-3a08-4552-a7ea-a4cbaad7d24a,scenes.cooking,available,32.49,32.49,medium,low,6,namesilo,,,18/09/2026 15:27
9de9955e-7eab-44a1-8cd4-2e475ef5a7a7,grimm.cooking,available,32.49,32.49,high,low,5,namesilo,,,30/09/2026 17:31
1e870212-932d-46ba-87f5-cb82ea8674b9,miriam.cooking,available,32.49,32.49,high,low,6,namesilo,,,28/09/2026 03:46
7c5e3f9a-c651-49fe-8ba4-f41cc195587c,cantonal.cooking,available,32.49,32.49,medium,low,8,namesilo,,,11/08/2026 17:44
11f73c46-5507-4cf0-a322-7b5cf60f0775,sending.cooking,available,32.49,32.49,high,low,7,namesilo,,,25/09/2026 10:37
2044a5aa-2914-4767-a795-d64634d6f819,publishers.cooking,available,32.49,32.49,medium,low,10,namesilo,,,20/09/2026 01:32
b73a2a1f-9457-4050-9a95-08e5399ac113,donatus.cooking,available,32.49,32.49,medium,low,7,namesilo,,,17/09/2026 12:26
8b778b5f-822e-49a4-910c-b081caf64bcb,abvolt.cooking,available,33.98,43.98,medium,low,6,namecheap,,,16/09/2026 19:39
e73b9cc7-8983-4c75-bfe5-975da1460d4a,abiders.cooking,available,32.49,32.49,medium,low,7,namesilo,,,18/09/2026 03:55
860994ec-1ab0-46a3-8446-7073d2f41216,qatari.cooking,available,32.49,32.49,high,low,6,namesilo,,,22/08/2026 15:09
fd0752c6-2c1c-42f3-950c-5a6163cd73d7,signal.cooking,available,32.49,32.49,high,medium,6,namesilo,,,27/09/2026 22:11
bb2eff01-cbcc-4dbd-97dc-cb95095c9ddd,applied.cooking,available,32.49,32.49,high,low,7,namesilo,,,06/08/2026 07:11
e88c8c84-2c08-4fa6-91ba-bee2e2bdae08,polish.cooking,premium,96,29.5,high,low,6,namesilo,,,27/09/2026 04:22
2be16764-f378-4774-a29f-8779e20bceda,earn.cooking,available,26.08,26.08,high,low,4,spaceship,,,29/09/2026 20:44
514fc518-f2f1-4230-99f0-ea6f23331e08,clarkson.cooking,available,32.49,32.49,medium,low,8,namesilo,,,27/09/2026 01:50
7764ea66-409c-4232-a329-532d713722fa,muriel.cooking,available,32.49,32.49,medium,low,6,namesilo,,,28/09/2026 12:06
200c0c12-408d-4f32-b3c8-61cbdd604fdb,totipotent.cooking,available,33.98,43.98,medium,low,10,namecheap,,,11/09/2026 18:12
ef02cb88-23d7-4f76-b28d-156f484b7a22,exultant.cooking,available,32.49,32.49,high,low,8,namesilo,,,17/08/2026 19:42
a8306a80-50c0-43d7-b795-cbe9b93228ea,shuttle.cooking,available,25.2,25.2,high,low,7,cloudflare,,,27/09/2026 15:53
59dcfa07-503f-4355-a45e-48e2fa35af09,shipments.cooking,available,32.49,32.49,medium,low,9,namesilo,,,01/10/2026 00:42
94ad28f8-c37a-4c1d-85f8-4f5aa2c7a933,nibbed.cooking,available,32.49,32.49,low,low,6,namesilo,,,03/09/2026 16:57
a0a4c8f7-f8ad-49ea-a04e-f83a72c098b4,bulb.cooking,available,25.2,25.2,high,low,4,cloudflare,,,29/09/2026 05:14
1caf8131-c2c7-4362-9fa3-64d79a9105c6,alterations.cooking,available,26.08,26.08,medium,low,11,spaceship,,,30/09/2026 15:39
59a963f9-db3f-4d78-bc03-dec481aa49f5,diptera.cooking,available,26.97,26.97,medium,low,7,dynadot,,,30/09/2026 17:00
84545c96-d343-4a37-adad-2d3bb87979fe,autotype.cooking,available,32.49,32.49,medium,low,8,namesilo,,,21/09/2026 08:17
1bc04cb7-5a2c-48be-ab65-9267e56aee3a,motown.cooking,available,25.2,25.2,high,low,6,cloudflare,,,29/09/2026 06:38
ef7d8a65-d2c1-4702-9692-b285d8cf9043,infiltration.cooking,available,26.08,26.08,medium,low,12,spaceship,,,30/09/2026 23:19
51fb05bd-48a6-4c71-b915-55e096c33726,outta.cooking,available,26.08,26.08,medium,low,5,spaceship,,,29/09/2026 20:53
344e6a61-0325-4158-b169-af0c5461deeb,rotund.cooking,available,32.49,32.49,medium,low,6,namesilo,,,13/08/2026 01:59
a13bab55-0506-4c6a-9842-3976a44a3fb7,eiffel.cooking,available,32.49,32.49,medium,low,6,namesilo,,,18/09/2026 05:59
17566ef6-935d-4c70-9fb3-9506dd3740dc,purau.cooking,available,32.49,32.49,medium,low,5,namesilo,,,21/09/2026 22:02
6c66040a-d75f-47e9-8cdf-1306ec3a0134,cone.cooking,available,33.98,43.98,high,low,4,namecheap,,,29/09/2026 10:50
40dac5c8-fef2-4c5f-8a85-252fdaa06410,apparel.cooking,available,26.08,26.08,high,low,7,spaceship,,,28/09/2026 21:48
bcd0d145-f3bf-46bb-bc35-364a4f81931b,townsend.cooking,available,32.49,32.49,high,low,8,namesilo,,,25/09/2026 06:09
44e32e50-95eb-4099-b6a0-fe05fbf7b98c,weighted.cooking,available,32.49,32.49,high,low,8,namesilo,,,13/09/2026 10:08
ade9d2f2-79bd-4258-984a-6b46b9e33a20,egotistic.cooking,available,33.98,43.98,medium,low,9,namecheap,,,12/08/2026 19:55
60e1f1cf-3d75-403b-aa2c-9aa45d84367a,exploration.cooking,available,32.49,32.49,high,low,11,namesilo,,,28/09/2026 02:39
7b9b4e5d-8adf-420c-b184-49ff4e734397,plot.cooking,available,32.49,32.49,high,low,4,namesilo,,,24/09/2026 22:09
83fd7bab-5875-4383-9721-cd3f36036f0c,ink.cooking,premium,83,26.08,high,medium,3,spaceship,,,30/09/2026 00:11
6a3c2ca6-cbda-4f8f-902e-de2d027cff83,modeled.cooking,available,32.49,32.49,high,low,7,namesilo,,,25/08/2026 02:51
75e8b157-204c-4ea1-bae2-685261d42e67,darlene.cooking,available,26.97,26.97,high,low,7,dynadot,,,30/09/2026 21:02
fa4f330d-c4ea-4346-83e9-5fc392bce5ef,wastebasket.cooking,available,32.49,32.49,high,low,11,namesilo,,,
69eaded3-1b5a-4854-9345-4c7f5ea7dbe6,harare.cooking,available,32.49,32.49,medium,low,6,namesilo,,,24/09/2026 12:36
7d831727-7950-4638-9756-f19f7cb107c5,limpkin.cooking,available,33.98,43.98,medium,low,7,namecheap,,,19/09/2026 23:59
114a97e8-59d3-430f-b699-80058ed7ecdc,handicap.cooking,available,32.49,32.49,high,low,8,namesilo,,,24/09/2026 07:39
be296c57-6c38-4d17-a4c6-37604c230b67,excision.cooking,available,32.49,32.49,medium,low,8,namesilo,,,16/09/2026 16:06
fb79bf3a-3588-42ea-af5b-4c4a1654d3fb,nest.cooking,available,32.49,32.49,high,medium,4,namesilo,,,29/09/2026 13:00
00ad97a9-c1e7-462c-bf17-7e2d19630b70,discal.cooking,available,26.08,26.08,medium,low,6,spaceship,,,30/09/2026 04:23
a04e9a6b-c6d0-4114-95c2-1b208f5eb7be,sunlit.cooking,available,32.49,32.49,high,low,6,namesilo,,,11/09/2026 01:59
af3ae608-ec52-4c84-844a-53c80284056f,tautog.cooking,available,32.49,32.49,medium,low,6,namesilo,,,24/09/2026 02:17
762e337f-cca3-48d0-98ef-86e2ba775387,congratulations.cooking,available,43.98,,high,low,15,namecheap,,,
96a92bea-a35d-499a-bb42-3af1a13d63e3,apophasis.cooking,available,33.98,43.98,medium,low,9,namecheap,,,19/09/2026 19:01
c321e465-1ae5-4a82-95c6-e09c3ca1edce,model.cooking,available,26.08,26.08,high,medium,5,spaceship,,,30/09/2026 04:25
3c84799b-5525-4bf3-8e54-481f3e23c80d,tenthly.cooking,available,32.49,32.49,medium,low,7,namesilo,,,16/09/2026 08:21
52df79eb-dfd3-4b4f-8ed9-9a160b760eef,pickering.cooking,available,25.2,25.2,high,low,9,cloudflare,,,30/09/2026 16:16
97f2a7a3-d1ba-40fa-95bc-bb9d95dda514,woody.cooking,available,32.49,32.49,high,low,5,namesilo,,,06/08/2026 13:08
7125a71f-3a46-4f83-9067-764e70be1f4d,whips.cooking,available,32.49,32.49,medium,low,5,namesilo,,,17/09/2026 19:42
7967475e-036f-40ef-b475-c7c3bf6e26cf,sia.cooking,premium,,,high,low,3,,,,29/09/2026 09:25
7fa0b2b1-b90a-4a02-a091-615f78f88a69,algorism.cooking,available,33.98,43.98,medium,low,8,namecheap,,,18/09/2026 07:14
538ac463-8ff1-4979-b5a2-84bbd87a3f09,destroys.cooking,available,32.49,32.49,low,low,8,namesilo,,,29/09/2026 05:36
9051334f-1229-4cdf-872b-e61e047d983d,halting.cooking,available,32.49,32.49,medium,low,7,namesilo,,,13/08/2026 07:02
9c67436b-b65e-463d-a206-7edcf645e4db,greeks.cooking,available,26.97,26.97,medium,low,6,dynadot,,,28/09/2026 22:45
2913d11a-1e4d-4554-b1b1-6b09ca51cdc7,pagan.cooking,available,32.49,32.49,medium,low,5,namesilo,,,18/08/2026 21:57
64357239-8e0c-43e8-9d01-97d1dee03984,ashram.cooking,available,32.49,32.49,high,low,6,namesilo,,,20/09/2026 13:58
d1936c98-571d-42ea-90c7-ee3310e11d11,infancy.cooking,available,32.49,32.49,high,low,7,namesilo,,,21/09/2026 13:47
7f554947-608c-4cac-b5c6-02290270e666,chavez.cooking,available,25.2,25.2,high,low,6,cloudflare,,,28/09/2026 01:29
7a59a8c2-456a-4f9f-8558-be40727db9a6,hiram.cooking,available,26.26,26.26,medium,low,5,porkbun,,,27/09/2026 19:47
3fbec74e-6869-4823-8f67-14fc09fc0d4c,provisions.cooking,available,32.49,32.49,high,low,10,namesilo,,,08/09/2026 08:15
455f9365-5d23-4112-9780-33e1291fc0fc,gatt.cooking,available,32.49,32.49,medium,low,4,namesilo,,,30/09/2026 09:53
c74b8173-8efc-4ec9-8c17-c47a67c7d111,clawed.cooking,available,32.49,32.49,medium,low,6,namesilo,,,12/08/2026 10:02
e9a01d75-cac7-4a6b-b923-068649426e4b,edward.cooking,premium,104,32.5,high,low,6,namecheap,,,18/09/2026 02:39
5ee3f141-b1dc-4a75-8fce-a7ab9c1e3646,relax.cooking,premium,242,29.5,high,low,5,namesilo,,,27/09/2026 06:03
f76ac18c-3d7e-4099-94c5-1c58f287d2b4,asterope.cooking,available,32.49,32.49,medium,low,8,namesilo,,,20/09/2026 17:16
1f9c09f3-7f60-4a11-90a7-d78482ff8da0,aramean.cooking,available,32.49,32.49,medium,low,7,namesilo,,,06/08/2026 12:02
c8ccf88a-7bf7-480f-bc23-9e3125b65ee7,djia.cooking,available,32.49,32.49,medium,low,4,namesilo,,,
f9fbecbe-a434-49a9-8919-a83ab7c4fc1e,andesite.cooking,available,32.49,32.49,medium,low,8,namesilo,,,19/09/2026 04:04
d1b67219-d1bb-47ad-a2b0-d9725a220b1a,retrieve.cooking,available,25.2,25.2,high,low,8,cloudflare,,,30/09/2026 09:11
a20661de-d7c3-4b0b-8854-822360ade5a9,loyally.cooking,available,32.49,32.49,medium,low,7,namesilo,,,15/09/2026 13:02
34e1eacd-ab57-4d41-b429-e570064108f6,bounced.cooking,available,25.2,25.2,medium,low,7,cloudflare,,,29/09/2026 17:31
a6244f7a-a6cb-4b8f-bc70-ef52b858a244,waxing.cooking,available,32.49,32.49,high,low,6,namesilo,,,13/09/2026 08:44
323dda39-9ef8-4100-bf6c-0cb841baa119,surveying.cooking,available,25.2,25.2,high,low,9,cloudflare,,,01/10/2026 03:58
113ed94e-a2f4-4787-afc1-8d9885af575e,funerals.cooking,available,26.08,26.08,medium,low,8,spaceship,,,29/09/2026 17:32
36f912bd-711f-4671-8f90-54f2f8ba320b,bandeau.cooking,available,32.49,32.49,medium,low,7,namesilo,,,22/09/2026 01:04
05f366af-e66b-4180-acb3-a77b56aa27fe,blabber.cooking,available,32.49,32.49,medium,low,7,namesilo,,,23/09/2026 11:33
1142f9f7-a935-4483-add4-abd30b5f4086,mead.cooking,available,32.49,32.49,high,low,4,namesilo,,,30/09/2026 17:28
53952b79-82bf-4506-a814-45440745c3fc,uup.cooking,premium,47.2,29.5,medium,low,3,namesilo,,,20/09/2026 22:18
2b5ab814-4bf6-47f1-9e51-25a3c55ce3aa,resignation.cooking,available,43.98,,high,low,11,namecheap,,,
3708a098-c7da-4e79-b548-9b971eebb218,dysfunctional.cooking,available,26.08,26.08,medium,low,13,spaceship,,,30/09/2026 11:37
c6a5daed-3964-4da4-b60b-c43020cad99e,yalta.cooking,available,26.08,26.08,medium,low,5,spaceship,,,30/09/2026 19:08
42092e84-0599-4e90-937c-f8902729dbcc,bedclothes.cooking,available,33.98,43.98,high,low,10,namecheap,,,22/09/2026 22:48
523177a9-cd3a-40a1-925e-9108f4b54b58,lucrative.cooking,available,32.49,32.49,high,low,9,namesilo,,,25/09/2026 15:34
839b110d-9e39-462c-8e05-c6e05588b435,aim.cooking,premium,96,29.5,high,medium,3,namesilo,,,25/09/2026 10:01
a7bd556a-2ae4-4e3b-900d-d9a219893477,baiting.cooking,available,33.98,43.98,medium,low,7,namecheap,,,21/09/2026 19:58
8313fc58-e16b-4d51-b2bb-edfb2e1d9609,patents.cooking,available,26.26,26.26,medium,low,7,porkbun,,,01/10/2026 00:20
059d76c8-dc46-4654-b84a-7b8e2f6c3010,presidency.cooking,available,25.2,25.2,high,low,10,cloudflare,,,29/09/2026 13:43
7403a0ec-e170-48e4-9b8e-3f0f9d426acb,unmarried.cooking,available,32.49,32.49,medium,low,9,namesilo,,,12/09/2026 15:26
4b72fddd-a65b-42d1-bc2c-9a36a33e0081,cleaners.cooking,available,32.49,32.49,high,low,8,namesilo,,,24/09/2026 15:26
6e5e21f8-653c-4d1e-93e3-72d3b6fb5561,integral.cooking,available,32.49,32.49,high,low,8,namesilo,,,23/09/2026 10:33
3dfa4ff9-43b7-469b-b497-df7aad1bee7d,saame.cooking,available,33.98,43.98,high,medium,5,namecheap,,,09/09/2026 21:08
f116b741-73d1-4e47-9e19-6f3b02efe520,reddened.cooking,available,32.49,32.49,high,medium,8,namesilo,,,09/09/2026 12:10
5473f23c-4617-46d6-8667-485350a6c005,willis.cooking,available,32.49,32.49,high,low,6,namesilo,,,25/09/2026 10:53
8608c579-616f-4e03-9783-33c0f3bec8d9,resentful.cooking,available,32.49,32.49,medium,low,9,namesilo,,,09/09/2026 14:48
8ae67831-7c83-4f46-9f64-5c3c381aba15,rotten.cooking,available,32.49,32.49,high,low,6,namesilo,,,24/09/2026 01:35
baefa6c9-6e6e-4763-aea6-627e0aa688d4,fema.cooking,available,26.97,26.97,medium,low,4,dynadot,,,29/09/2026 00:53
7f04e5f9-c02c-41fe-97c4-3c23e3c90ae4,feelingly.cooking,available,33.98,43.98,medium,low,9,namecheap,,,14/09/2026 18:18
9e20bab5-31c8-4c08-a655-7b3878320e06,sixteenth.cooking,available,32.49,32.49,high,low,9,namesilo,,,
81bd7856-cbc3-4e59-b391-5098da75b742,wittgenstein.cooking,available,32.49,32.49,medium,low,12,namesilo,,,29/09/2026 09:48
13f23ff9-90cc-4aff-85db-c10ae2868040,altitude.cooking,available,32.49,32.49,high,low,8,namesilo,,,18/09/2026 14:29
09447e71-6c01-4b49-87d6-a2d57c73d977,soothes.cooking,available,33.98,43.98,medium,low,7,namecheap,,,20/09/2026 05:20
e41c694c-1374-4650-a1e2-e84bc6128d1d,nasty.cooking,available,32.49,32.49,medium,low,5,namesilo,,,13/08/2026 08:48
f64f2ce7-0193-4041-8923-50294b0a4b72,proved.cooking,available,32.49,32.49,high,low,6,namesilo,,,27/09/2026 07:48
f09e14cd-116b-40c2-a949-7ee174c50a7a,mammoth.cooking,available,32.49,32.49,high,low,7,namesilo,,,18/08/2026 23:30
efad625b-b866-4516-8aec-4e56c5751e33,rarest.cooking,available,32.49,32.49,medium,low,6,namesilo,,,20/09/2026 08:14
5128d7ad-4fcf-4ecc-b67a-599f320d09cc,haunt.cooking,available,26.08,26.08,high,low,5,spaceship,,,29/09/2026 07:08
e2910947-36ba-454b-a087-64aee68d4262,welsh.cooking,available,32.49,32.49,high,low,5,namesilo,,,11/08/2026 15:44
13cfa4f7-9077-41f4-9224-2d4d4402903c,founders.cooking,available,33.98,43.98,high,low,8,namecheap,,,01/10/2026 00:45
500f18b5-968a-479a-bbee-e67ddf70b278,iatrogenic.cooking,available,32.49,32.49,medium,low,10,namesilo,,,21/08/2026 17:30
3be6830c-042c-4b3a-a9e3-e71612cf9038,evan.cooking,premium,96,29.5,high,low,5,namesilo,,,25/09/2026 13:11
5744fa56-9273-4149-b597-6b1c6a774637,pyramidal.cooking,available,32.49,32.49,medium,low,9,namesilo,,,09/09/2026 06:55
1fa8097a-f676-445d-b9b3-8fed63580518,greasy.cooking,premium,50,46.99,high,low,6,name.com,,,20/08/2026 19:35
e49a0acc-07f4-4e6b-b784-1579aacf0c93,fascinate.cooking,available,26.26,26.26,high,low,9,porkbun,,,29/09/2026 08:16
e3859fc6-f4d6-483b-9733-ca638d074a83,investigated.cooking,available,25.2,25.2,medium,low,12,cloudflare,,,29/09/2026 00:03
759c1bde-27cb-4aa7-b43a-2c4f7cf11a2a,drastic.cooking,available,33.98,43.98,high,low,7,namecheap,,,14/08/2026 18:27
a5fb8c6c-ed3e-4390-a6f4-b204330541b1,apologise.cooking,available,26.08,26.08,high,low,9,spaceship,,,30/09/2026 15:07
5c23cb51-0dc7-4d6d-b138-d0ebe9d7013e,soundproof.cooking,available,32.49,32.49,high,medium,10,namesilo,,,10/09/2026 14:44
caed2edf-c525-4ec6-a05a-66606dee4f2d,tbd.cooking,premium,41.6,26.08,high,low,3,spaceship,,,01/10/2026 00:27
76bff33b-4370-441a-bf6d-f7b6c0461d43,tone.cooking,available,25.2,25.2,high,low,4,cloudflare,,,29/09/2026 19:30
47bee1b5-54fe-4fed-beb0-69e28001a5e9,celebrities.cooking,available,26.08,26.08,medium,low,11,spaceship,,,28/09/2026 23:49
af866c98-5acf-4276-b541-30ea351d0b51,dicks.cooking,available,32.49,32.49,medium,low,5,namesilo,,,
25bffb6d-f0e3-441f-8c7e-f98b416dade0,portland.cooking,premium,220,26.97,high,low,8,dynadot,,,30/09/2026 07:12
9c430975-60df-4754-bc7a-3e25469e896d,cityfied.cooking,available,32.49,32.49,medium,low,8,namesilo,,,12/08/2026 08:49
f83d0521-65cf-475b-947e-14314fc29956,atropine.cooking,available,32.49,32.49,medium,low,8,namesilo,,,21/09/2026 01:00
7a90b0d5-2e14-43fd-9b4e-be30363464ee,legitimacy.cooking,available,32.49,32.49,high,low,10,namesilo,,,21/09/2026 05:07
83874462-335a-4566-8f99-4b4a233ac2f2,effectiveness.cooking,available,26.08,26.08,medium,low,13,spaceship,,,30/09/2026 05:52
42869696-b7ba-4d0d-936d-e478df54caaa,creditable.cooking,available,32.49,32.49,high,low,10,namesilo,,,13/08/2026 05:54
8c61027d-35ef-4c4f-83fe-e6af455ea89f,colder.cooking,available,26.26,26.26,low,low,6,porkbun,,,29/09/2026 10:18
2e1640d0-fda4-40fa-9106-cac3ef2f19e2,bittie.cooking,available,32.49,32.49,medium,low,6,namesilo,,,10/08/2026 07:56
7a389f87-7752-44b9-910c-66e3adea601d,faithless.cooking,available,33.98,43.98,medium,low,9,namecheap,,,17/08/2026 21:14
42d6b201-b925-48c6-bf06-149b5d591310,xlvi.cooking,available,32.49,32.49,medium,low,4,namesilo,,,
51ce3a78-3220-4084-ab20-b25b7ba1f08e,pba.cooking,premium,47.2,29.5,high,low,3,namesilo,,,29/09/2026 14:26
bddec080-5761-46f9-89c7-0390366f9735,polyphase.cooking,available,32.49,32.49,medium,low,9,namesilo,,,03/09/2026 10:52
bcff7fad-1126-4126-9781-53690449bf75,visions.cooking,available,32.49,32.49,medium,low,7,namesilo,,,27/09/2026 23:41
eca9eb26-5bb5-481f-b54c-0fd60d0eb531,yacht.cooking,available,26.08,26.08,high,low,5,spaceship,,,28/09/2026 02:59
a8b0858f-e8c9-40f1-922c-ea4f1a161342,everett.cooking,premium,96,29.5,high,low,7,namesilo,,,25/09/2026 21:45
169bc2d0-efc9-4c14-9f05-9de825e3944e,vindicator.cooking,available,33.98,43.98,medium,low,10,namecheap,,,19/09/2026 18:48
e392d3c2-5d2d-4630-8b5d-b2e2a232af20,initiator.cooking,available,25.2,25.2,high,low,9,cloudflare,,,29/09/2026 13:07
daabed7c-75d6-43af-8396-64da7d0ba8c9,daydreams.cooking,available,33.98,43.98,medium,low,9,namecheap,,,19/09/2026 21:17
fdc90b51-24fd-4388-972e-f0836810280d,aflcio.cooking,available,32.49,32.49,medium,low,7,namesilo,,,17/09/2026 15:05
61f18723-5a29-462d-8a65-2ce20ae05b77,predacious.cooking,available,32.49,32.49,high,medium,10,namesilo,,,09/09/2026 01:21
5782cbe8-70c1-4b54-aed1-2dec8f52567b,thinkable.cooking,available,32.49,32.49,high,low,9,namesilo,,,11/09/2026 13:28
bde2a53a-90ba-4b7f-a07f-cf5277e8ab49,brim.cooking,available,32.49,32.49,high,low,4,namesilo,,,24/09/2026 10:24
dcb7f19c-ca65-40f4-8320-c15f8fb77369,joanne.cooking,available,26.08,26.08,high,low,6,spaceship,,,27/09/2026 19:17
f4b7fbab-3bbd-4bfc-8f6a-af333b1a748a,mutiny.cooking,available,26.08,26.08,high,low,6,spaceship,,,29/09/2026 13:30
b8df0cfb-febb-4789-b6a9-c1cc068ad1a5,beguiled.cooking,available,32.49,32.49,medium,low,8,namesilo,,,09/08/2026 09:46
ba5bfb59-37a4-415f-8139-11df2e338f7e,hillel.cooking,available,33.98,43.98,high,low,6,namecheap,,,30/09/2026 17:38
ec3da44b-b12c-44bc-8ee5-f00e02084413,azactam.cooking,available,32.49,32.49,medium,low,7,namesilo,,,21/09/2026 10:59
9ce5f947-340b-44ac-b951-3aeec029e381,ash.cooking,premium,96,29.5,high,medium,3,namesilo,,,28/09/2026 22:27
ecd978c6-989e-4381-bf6c-5dc12fbda187,dominic.cooking,premium,96,29.5,high,low,7,namesilo,,,27/09/2026 03:45
6a372f2e-f66f-409f-a4c2-012860b01261,amplifier.cooking,available,32.49,32.49,high,low,9,namesilo,,,18/09/2026 23:40
4e16e853-c5d2-43a6-b0a9-ac86bdc9a196,vom.cooking,premium,44.19,27.82,medium,low,3,porkbun,,,30/09/2026 03:43
e188f7ff-09db-4049-aaf5-eefeac08a4f1,public.cooking,available,33.98,43.98,high,medium,6,namecheap,,,27/09/2026 08:01
6fe9e0b5-d7f9-4a2a-b092-7b4474ae38d0,marched.cooking,available,26.97,26.97,medium,low,7,dynadot,,,29/09/2026 10:58
a829276b-8ff4-4c2c-9a6e-932671acd9a9,definable.cooking,available,32.49,32.49,medium,low,9,namesilo,,,13/08/2026 23:28
3bda82c8-6526-4d7f-b706-31ba7f9ca0a8,harlem.cooking,available,26.97,26.97,medium,low,6,dynadot,,,28/09/2026 10:00
df1964dd-de58-4b04-bf37-5e57bdcbdd42,kane.cooking,available,32.49,32.49,high,low,4,namesilo,,,27/09/2026 07:59
ebb9f49e-05f3-4b18-9ee2-35bceb534f84,rajput.cooking,available,32.49,32.49,high,low,6,namesilo,,,01/10/2026 03:24
be7e3aa1-625b-4ee9-84e0-2f57eb138623,hassium.cooking,available,32.49,32.49,medium,low,7,namesilo,,,20/09/2026 22:10
176a3088-e880-4921-9534-195c247727df,brewster.cooking,available,25.2,25.2,medium,low,8,cloudflare,,,28/09/2026 11:34
bca40fe8-81df-4f28-aaea-bd9142434ca6,bounteous.cooking,available,33.98,43.98,high,low,9,namecheap,,,09/08/2026 20:50
dcc41c6d-b7ee-41de-813d-9e9d3541441a,forbidden.cooking,available,32.49,32.49,medium,low,9,namesilo,,,18/08/2026 10:59
0e722b5b-cba0-443d-85f8-e0ed428d841f,wasted.cooking,available,33.98,43.98,medium,low,6,namecheap,,,22/09/2026 11:10
f970f0f1-526d-435a-8ce5-26ee5560e89d,excuses.cooking,available,26.26,26.26,medium,low,7,porkbun,,,28/09/2026 23:11
00ab6edc-5e35-412c-ba6b-eff1ed461dd3,compatibly.cooking,available,32.49,32.49,medium,low,10,namesilo,,,14/09/2026 07:43
7532f5a0-4c24-431c-8928-af8a8bd0ff2c,opt.cooking,premium,41.6,26.08,high,low,3,spaceship,,,30/09/2026 21:14
8ad30a61-5b6f-4c91-bfd1-e2d8d27dc206,backplate.cooking,available,32.49,32.49,medium,low,9,namesilo,,,21/09/2026 15:46
c0cd9cd5-15a1-4a3c-b443-6c4dff4eb359,bellow.cooking,available,33.98,43.98,medium,low,6,namecheap,,,23/09/2026 06:17
c0b0b315-de93-493b-9ded-f1cc984bc8aa,robb.cooking,available,32.49,32.49,medium,low,4,namesilo,,,28/09/2026 12:14
51569a72-de50-4787-9610-03e6adcc4016,saltlike.cooking,available,33.98,43.98,high,medium,8,namecheap,,,09/09/2026 20:58
59df5293-9d73-4269-bd1a-4fd03712e2f5,shovels.cooking,available,46.99,46.99,medium,low,7,name.com,,,20/09/2026 10:22
8933c34a-31ad-4080-bfac-04d9402f0eef,variations.cooking,available,33.98,43.98,medium,low,10,namecheap,,,18/09/2026 20:13
1511516a-d098-4813-b620-69565ee27ac4,tacitus.cooking,available,32.49,32.49,high,low,7,namesilo,,,29/09/2026 07:01
b0ad33d9-4da3-4d37-9abb-7dbeedb4aca1,manufactured.cooking,available,26.26,26.26,high,low,12,porkbun,,,29/09/2026 08:36
58595741-1b20-4320-913f-d3cf191d1a55,ares.cooking,available,32.49,32.49,high,low,4,namesilo,,,20/09/2026 04:02
fb988bde-996f-4433-a65e-0c32b6f9d1b4,bracer.cooking,available,32.49,32.49,medium,low,6,namesilo,,,20/09/2026 06:51
8f3d8723-3bba-452f-bd4b-077218cd5a6c,chanukkah.cooking,available,26.08,26.08,medium,low,9,spaceship,,,29/09/2026 08:11
1916cd37-5490-4a0b-9679-ae236378ca99,flimsy.cooking,available,32.49,32.49,medium,low,6,namesilo,,,18/08/2026 08:15
180ca579-b033-40c9-a444-d6149d74c307,estates.cooking,available,32.49,32.49,medium,low,7,namesilo,,,18/09/2026 06:36
7915cf03-3b2d-4065-9559-e321eca677f1,fresher.cooking,available,32.49,32.49,high,low,7,namesilo,,,18/08/2026 15:22
2e64a5ed-bc04-4c65-bd59-d2e868fae284,renting.cooking,available,32.49,32.49,high,low,7,namesilo,,,29/09/2026 13:46
d8d82562-e58a-4a89-9ff1-8b8aa271e3f3,turki.cooking,available,33.98,43.98,medium,low,5,namecheap,,,11/09/2026 21:16
cdfcd827-ce65-48c3-8acb-b93e28413447,witless.cooking,available,33.98,43.98,medium,low,7,namecheap,,,03/09/2026 17:49
3345e295-f37a-4716-bf9c-dbc554a6dcbd,harpo.cooking,available,32.49,32.49,high,medium,5,namesilo,,,20/09/2026 11:01
ae43b023-c6b0-471b-94b8-b4ee79134218,aldose.cooking,available,32.49,32.49,high,low,6,namesilo,,,18/09/2026 04:38
48696232-784d-4af9-8c69-79994590344e,larder.cooking,available,32.49,32.49,high,low,6,namesilo,,,11/08/2026 11:56
7d1df623-70df-4bf7-90f3-7d1cf4450b4a,cinematic.cooking,available,32.49,32.49,high,low,9,namesilo,,,12/08/2026 08:13
b84a2f07-f90b-4948-a407-1c070db034e7,therapy.cooking,available,25.2,25.2,high,low,7,cloudflare,,,28/09/2026 22:53
00b2a9e5-a04d-4a04-9192-03aa7acef885,scrubbed.cooking,available,25.2,25.2,medium,low,8,cloudflare,,,27/09/2026 18:56
0f0c1932-0f57-4ca0-8f0e-97d46026d340,grasping.cooking,available,32.49,32.49,medium,low,8,namesilo,,,07/08/2026 22:04
ce4bf44f-2cd7-4f99-9672-83e12d8e223a,boarded.cooking,available,32.49,32.49,high,low,7,namesilo,,,
dbb44a04-88fc-4af3-a8c6-706138c9d26a,grape.cooking,available,32.49,32.49,high,low,5,namesilo,,,29/09/2026 08:23
d7c8da4d-380c-47f5-b478-3e2c24a12b4f,heralded.cooking,available,32.49,32.49,medium,low,8,namesilo,,,21/08/2026 06:51
a2701a9b-18f5-4b6c-90a4-c36ffae9538d,ragamuffin.cooking,available,32.49,32.49,medium,low,10,namesilo,,,11/09/2026 09:09
fa50d4a8-3ce3-4a24-878b-a9b0f795618a,sportsperson.cooking,available,33.98,43.98,high,low,12,namecheap,,,16/09/2026 08:58
120c7825-7432-4339-ad0e-ecdcc070ace2,propensity.cooking,available,32.49,32.49,high,low,10,namesilo,,,22/08/2026 22:09
cbd67eea-ae27-4a4a-be13-2306eac4285e,reptile.cooking,available,32.49,32.49,high,low,7,namesilo,,,09/09/2026 14:41
81eebcbf-ae01-471a-89c6-e83282d116b0,upton.cooking,available,25.2,25.2,medium,low,5,cloudflare,,,27/09/2026 11:29
26bc966f-143d-4de5-aecb-addcf6d1ee1f,warburg.cooking,available,32.49,32.49,medium,low,7,namesilo,,,16/09/2026 19:40
87fbedb2-bc72-4ce5-a980-8e73133229c7,albright.cooking,available,25.2,25.2,medium,low,8,cloudflare,,,28/09/2026 12:24
338c14ce-9196-484f-8c34-cbc2aea13659,sandpapery.cooking,available,33.98,43.98,high,medium,10,namecheap,,,09/09/2026 21:13
d630020e-7191-4fca-9e11-f76508b7ed2e,conga.cooking,available,32.49,32.49,high,low,5,namesilo,,,24/09/2026 17:17
bf261f10-feb3-4dbe-8045-47e7df647f6a,saturday.cooking,available,26.26,26.26,high,low,8,porkbun,,,30/09/2026 10:29
b4038a6a-4e8e-4e65-815f-066283eeef3c,sublime.cooking,available,32.49,32.49,high,low,7,namesilo,,,17/08/2026 15:39
5a85838b-f449-43b5-a6a7-a77bc4ca2cd3,protests.cooking,available,32.49,32.49,medium,low,8,namesilo,,,30/09/2026 07:34
53171483-8db5-40eb-89c3-7658ce75f1d4,adsorbent.cooking,available,32.49,32.49,medium,low,9,namesilo,,,
1a986156-d8f8-4b10-837b-ff776fd59c24,ibn.cooking,premium,52,32.5,medium,low,3,namecheap,,,25/09/2026 21:32
3f5cfb86-aa9c-4c07-8208-a2915bd3cb83,genius.cooking,available,33.98,43.98,high,medium,6,namecheap,,,21/09/2026 17:41
2b54150c-8582-4359-9b20-8573f458d8d7,realize.cooking,available,32.49,32.49,high,low,7,namesilo,,,27/09/2026 05:56
a2d33146-faf5-4d4a-8cd2-8c4f16849aad,cypriote.cooking,available,46.99,46.99,medium,low,8,name.com,,,13/08/2026 14:05
5f7f8bc5-4d59-49c0-a3bc-bab175808c1e,bijou.cooking,available,32.49,32.49,high,low,5,namesilo,,,23/09/2026 15:32
655af7a2-961a-4c05-a0c0-f4253c62b8d6,falls.cooking,available,26.97,26.97,high,low,5,dynadot,,,29/09/2026 18:56
6793154f-2bae-4d05-9cbd-a59992049438,tragicomic.cooking,available,32.49,32.49,medium,low,10,namesilo,,,11/09/2026 18:46
7a0bd84c-a5cf-4d97-acf8-9f38dc708e51,cervical.cooking,available,32.49,32.49,high,low,8,namesilo,,,12/08/2026 00:58
6c6a65a1-7d26-49ae-b90a-6da1df5b1e4f,composure.cooking,available,32.49,32.49,high,low,9,namesilo,,,11/08/2026 14:55
73a03b3d-7339-4f48-bd72-31c1fe27bd96,titular.cooking,available,32.49,32.49,medium,low,7,namesilo,,,11/09/2026 16:32
26865586-9319-40b1-bc67-a16c4ccc68e6,agreement.cooking,available,32.49,32.49,high,low,9,namesilo,,,28/09/2026 08:10
6812979a-4fbf-43b7-9824-7902552c3477,henceforth.cooking,available,32.49,32.49,medium,low,10,namesilo,,,15/09/2026 00:15
8cde60e5-d434-420a-b23f-3131877432aa,grip.cooking,available,25.2,25.2,high,low,4,cloudflare,,,28/09/2026 18:31
51d141f0-eabc-4d3f-a178-361031aa037b,affiliated.cooking,available,32.49,32.49,high,low,10,namesilo,,,
855c8b04-ebeb-4628-ab8e-cf0c2d87083a,uppercase.cooking,available,32.49,32.49,high,low,9,namesilo,,,25/09/2026 16:20
1ac16cbf-9325-4c8a-9dd8-46651a58ef24,allegory.cooking,available,32.49,32.49,high,low,8,namesilo,,,18/09/2026 10:41
8bd34112-3b8a-4877-9e44-e903561d966c,abradant.cooking,available,32.49,32.49,medium,low,8,namesilo,,,
4d5d2c4d-fa7a-43a2-a0e8-6a3a830e0e36,jasper.cooking,available,26.08,26.08,high,low,6,spaceship,,,30/09/2026 17:43
8518212a-f986-4f2b-a305-b8196a4b3cc7,sprucely.cooking,available,32.49,32.49,medium,low,8,namesilo,,,15/09/2026 15:17
9f24abd5-ccf5-4fd6-a70a-9bfb968d14ef,rocco.cooking,available,32.49,32.49,high,low,5,namesilo,,,29/09/2026 09:27
e94a5ac1-35f5-4496-9bca-04b75e8053a3,anagoge.cooking,available,32.49,32.49,medium,low,7,namesilo,,,19/09/2026 01:27
296b4eca-10bb-4fef-b91a-d16d83e18351,alloy.cooking,available,32.49,32.49,high,low,5,namesilo,,,17/09/2026 09:02
4452ee25-2148-450d-b258-9b51f658221c,invited.cooking,available,32.49,32.49,high,low,7,namesilo,,,25/09/2026 11:51
e6eac3fb-ca23-4c6a-8da3-83c87d76826c,tents.cooking,available,26.08,26.08,medium,low,5,spaceship,,,29/09/2026 16:28
33001bbc-7756-453b-87c7-1659a369496a,gull.cooking,available,32.49,32.49,high,low,4,namesilo,,,12/08/2026 15:08
73dd7350-f81e-4d9d-9b64-51980b431078,immigrant.cooking,available,25.2,25.2,high,low,9,cloudflare,,,29/09/2026 13:05
07f51f8d-b8b3-4c3c-8ef4-fce781689867,scalp.cooking,available,26.08,26.08,high,low,5,spaceship,,,29/09/2026 08:01
801dc581-35dc-463f-80b3-2594697009e6,buttery.cooking,available,33.98,43.98,high,low,7,namecheap,,,19/09/2026 18:30
1bedfbb8-3c11-4778-8053-373565e5fcab,whistler.cooking,available,32.49,32.49,high,low,8,namesilo,,,30/09/2026 00:54
d1b90d77-ec81-4e16-b2e6-844e5345e1a0,sidesaddle.cooking,available,32.49,32.49,medium,low,10,namesilo,,,16/09/2026 01:43
ef299299-01ab-4e82-a730-89ef053eda27,hai.cooking,premium,44.19,27.82,high,low,3,porkbun,,,27/09/2026 16:50
a4307f16-c180-4dff-b012-c98e5d89286a,uncut.cooking,available,32.49,32.49,high,low,5,namesilo,,,12/09/2026 06:52
6b1599a1-24fc-402e-9928-4f1dde259ad6,wax.cooking,premium,96,29.5,high,low,3,namesilo,,,30/09/2026 14:39
c158d5bc-83e6-41fa-b64d-3fa93daf26f0,forgets.cooking,available,26.97,26.97,medium,low,7,dynadot,,,30/09/2026 16:05
f02b6f89-8ec2-408b-9b96-b096f2fb16a9,rapt.cooking,available,32.49,32.49,high,low,4,namesilo,,,14/08/2026 23:50
9a855d66-ebf2-47ab-9837-af923b1316b0,threaten.cooking,available,32.49,32.49,high,low,8,namesilo,,,27/09/2026 04:46
87e81e6a-b16e-40b0-9d2b-4a0a76933f1e,askew.cooking,available,32.49,32.49,medium,low,5,namesilo,,,07/08/2026 03:31
fccb19c9-8f6f-43f4-9303-648632e2aa06,facilitating.cooking,available,32.49,32.49,medium,low,12,namesilo,,,
21d1f315-ac0a-41cd-9979-b0ff057f088b,dissembler.cooking,available,33.98,43.98,medium,low,10,namecheap,,,08/09/2026 19:10
b1f5405d-34ad-43d1-b056-29ceaea6aca5,comedies.cooking,available,33.98,43.98,medium,low,8,namecheap,,,21/09/2026 01:31
d6344ec8-0a23-4172-9904-9cf8b682af6f,auspicious.cooking,available,33.98,43.98,high,low,10,namecheap,,,22/09/2026 13:12
353ea4e6-968e-4d43-982e-93f67b14cc0c,lara.cooking,available,32.49,32.49,high,low,4,namesilo,,,27/09/2026 19:35
6b8e5d37-dc21-4398-95d1-d28785a33418,algonkin.cooking,available,32.49,32.49,medium,low,8,namesilo,,,
55fc9a1a-e7d5-475d-9549-4b567abf8f7b,munchausen.cooking,available,32.49,32.49,medium,low,10,namesilo,,,22/09/2026 07:14
27d13c9b-182c-41d8-9b18-cff3bc52b261,ellison.cooking,available,32.49,32.49,high,low,7,namesilo,,,27/09/2026 03:49
448511b2-5855-4d39-9b05-27131c2c1133,copular.cooking,available,32.49,32.49,medium,low,7,namesilo,,,13/08/2026 00:38
cfacdeb3-dcdd-4438-b60d-c8c6c3e4195b,railing.cooking,available,26.26,26.26,high,low,7,porkbun,,,30/09/2026 02:38
dd5d66d1-83d1-4351-8223-09d8e035d416,staggering.cooking,available,33.98,43.98,medium,low,10,namecheap,,,10/09/2026 18:08
61728b3b-b54f-4fed-8ab8-a8a000f7f774,turkish.cooking,premium,250,46.99,high,low,7,name.com,,,11/09/2026 21:18
a0e6a0ac-b174-4e61-8ae3-4a80f6622486,polyhedral.cooking,available,32.49,32.49,medium,low,10,namesilo,,,08/09/2026 23:24
0c0ba555-d736-4c68-8c8e-dacf93cc9ccd,pageant.cooking,available,25.2,25.2,high,low,7,cloudflare,,,28/09/2026 02:36
0db464b4-a8c8-492c-9d7b-51d16e063d0e,utterly.cooking,available,25.2,25.2,medium,low,7,cloudflare,,,28/09/2026 11:39
5b678177-c2bf-48fb-9946-ab65d858816d,ironclad.cooking,available,32.49,32.49,high,low,8,namesilo,,,11/08/2026 02:30
9b21967b-b486-4c1b-b335-f1eb49ea3b3e,rockets.cooking,available,26.08,26.08,medium,low,7,spaceship,,,28/09/2026 13:30
4c88d86d-f9fe-49de-84ff-c8b26e83ead0,archly.cooking,available,32.49,32.49,medium,low,6,namesilo,,,13/09/2026 20:39
1e98ba0e-63e6-4b6e-b64a-bfaddbdc2708,secondhand.cooking,available,32.49,32.49,high,low,10,namesilo,,,10/09/2026 01:09
1d361da6-d34d-4b40-a818-da0336932cd6,contest.cooking,available,25.2,25.2,high,low,7,cloudflare,,,29/09/2026 11:25
d1bef41b-1820-4976-abb2-a44b2b7a2aa3,flagfish.cooking,available,33.98,43.98,medium,low,8,namecheap,,,18/09/2026 19:58
e10eeba1-be1c-41fc-a45f-476f8bfaeac7,stimuli.cooking,available,32.49,32.49,medium,low,7,namesilo,,,30/09/2026 23:20
6fd3d825-1e10-4f24-a58c-70662e137412,adriana.cooking,premium,88,26.97,high,low,7,dynadot,,,30/09/2026 13:18
a7e09960-fef7-4146-81fd-3bad09a85352,sorts.cooking,available,32.49,32.49,medium,low,5,namesilo,,,27/09/2026 10:13
7b11615c-5c41-4d2a-890d-20de2e834dca,inclement.cooking,available,32.49,32.49,medium,low,9,namesilo,,,22/08/2026 01:31
9e17b452-acab-4c67-a69f-8aca79c1061f,harrison.cooking,premium,96,29.5,high,low,8,namesilo,,,23/09/2026 08:20
4d2b0ccb-7cb1-4307-90ed-32acfc2dd353,adulterate.cooking,available,32.49,32.49,medium,low,10,namesilo,,,
aeca7dbc-c11f-4316-881b-34939e0fd26a,shouts.cooking,available,33.98,43.98,medium,low,6,namecheap,,,18/09/2026 07:00
c51a6f0e-9ac7-491a-9103-dc6c7e6de966,banff.cooking,available,32.49,32.49,medium,low,5,namesilo,,,22/09/2026 01:44
38ae8ae3-bf6a-44c0-8883-2030b41260e9,marquette.cooking,available,32.49,32.49,high,low,9,namesilo,,,25/09/2026 07:53
904d7ae7-ac58-4ab6-bf83-89d336be7f47,forgetting.cooking,available,32.49,32.49,high,low,10,namesilo,,,
b4d75dc0-a313-46f5-ac53-cc42ad0052c3,abila.cooking,available,32.49,32.49,medium,low,5,namesilo,,,16/09/2026 15:52
20a54463-cea0-44bf-8b40-57bc3fbdbcdf,rumour.cooking,available,32.49,32.49,high,low,6,namesilo,,,21/08/2026 02:08
9f990886-d7a7-4cab-bd66-c81246d7b270,enthusiast.cooking,available,32.49,32.49,high,low,10,namesilo,,,08/09/2026 02:16
be1962ee-75ec-4c19-8ae8-baa206abad79,gingery.cooking,available,32.49,32.49,high,low,7,namesilo,,,18/08/2026 23:53
2a4250f4-488f-4ad4-82a9-6984e2b4eaf1,sectioned.cooking,available,32.49,32.49,medium,low,9,namesilo,,,10/09/2026 01:20
196da7b2-dbb8-42ea-b620-30e6b32e2114,dwarf.cooking,available,32.49,32.49,medium,low,5,namesilo,,,24/08/2026 22:31
9ea9666a-f653-4be8-8014-a7041feeca62,suffered.cooking,available,33.98,43.98,low,low,8,namecheap,,,27/09/2026 02:46
a9aa8ea3-ec09-4a3b-bfaa-a89449b0df80,refresh.cooking,available,32.49,32.49,high,low,7,namesilo,,,30/09/2026 16:47
911d15ba-96f7-4244-80e8-c2dd4ecfc53b,beachwear.cooking,available,33.98,43.98,high,low,9,namecheap,,,22/09/2026 19:10
e9c62d6c-58b1-45cc-89c4-6b23d57a9c80,paso.cooking,available,26.08,26.08,medium,low,4,spaceship,,,29/09/2026 03:36
af69ef12-d70b-4424-8dca-b033e11de98d,sorting.cooking,available,26.08,26.08,high,low,7,spaceship,,,30/09/2026 02:57
6f4ec0cb-a970-43c6-8cc7-97e1f7c11917,adscript.cooking,available,32.49,32.49,medium,low,8,namesilo,,,
7d054c77-4382-4891-aba1-cdb3cb2e867d,locomotor.cooking,available,32.49,32.49,medium,low,9,namesilo,,,24/08/2026 08:50
5a3e65ee-9843-43ab-9c37-df9cd8573ac9,wolfram.cooking,available,32.49,32.49,high,medium,7,namesilo,,,20/09/2026 23:44
5dadf847-4cc6-4541-bc14-44a96750c61c,schools.cooking,premium,242,29.5,high,low,7,namesilo,,,28/09/2026 08:54
fcea8b8c-7412-4e93-bb04-245bc7f412c5,uncharted.cooking,available,32.49,32.49,medium,low,9,namesilo,,,12/08/2026 02:53
b8d053ae-e85e-4d4a-83ef-000badc0335d,upbound.cooking,available,32.49,32.49,medium,low,7,namesilo,,,12/09/2026 23:02
2750a91f-1ac0-4ff6-a345-58516a9b8852,woeful.cooking,available,32.49,32.49,medium,low,6,namesilo,,,17/08/2026 16:46
608c4c81-1075-4b78-b82f-a5e6ee0728a1,possibly.cooking,available,25.2,25.2,medium,low,8,cloudflare,,,28/09/2026 16:14
921edb42-cd3f-4a22-a1e4-9a63b9b390f6,coastline.cooking,available,26.97,26.97,high,low,9,dynadot,,,30/09/2026 09:12
d2db66ae-2545-4f9c-9797-78ccbab71ab9,valued.cooking,available,26.08,26.08,high,low,6,spaceship,,,28/09/2026 10:07
b8c333e1-06a0-4396-84c9-b99f469fbaa1,affirmative.cooking,available,26.26,26.26,high,low,11,porkbun,,,30/09/2026 22:02
1aa52d6d-69b6-49d2-8d6a-47c7bbe6ef56,prototype.cooking,available,32.49,32.49,high,low,9,namesilo,,,28/09/2026 14:03
cadc26a8-a55c-4b16-b9bc-0aafd56a3d99,hints.cooking,available,26.97,26.97,medium,low,5,dynadot,,,30/09/2026 00:13
1d64eb9c-b8c6-4474-895d-71289dedf501,voidable.cooking,available,32.49,32.49,medium,low,8,namesilo,,,09/09/2026 14:47
641061af-81ec-47e4-a917-3eee31cf10ba,judging.cooking,available,26.08,26.08,high,low,7,spaceship,,,27/09/2026 14:29
f52435b9-f147-45a7-a7b9-db7ab3877d06,kneel.cooking,available,32.49,32.49,high,low,5,namesilo,,,30/09/2026 10:21
8e782fe1-d33d-4023-a4c6-e9d17a8184f8,unhuman.cooking,available,32.49,32.49,medium,low,7,namesilo,,,14/08/2026 00:04
13364a2f-2778-4d60-93bd-ecf1ce0c09cc,lapp.cooking,available,32.49,32.49,medium,low,4,namesilo,,,19/09/2026 15:44
6d58eb90-fc5e-464f-95f6-e8a29f867ca7,reginald.cooking,available,32.49,32.49,high,low,8,namesilo,,,25/09/2026 15:10
9472780b-4cd5-4975-9081-0026ce1a27ac,waxen.cooking,available,32.49,32.49,medium,low,5,namesilo,,,13/09/2026 08:42
71abac9d-7f55-431e-89f1-009779474cd1,picked.cooking,available,32.49,32.49,high,low,6,namesilo,,,
64cfbb11-e123-4571-9b0a-e046238b7b0b,extendable.cooking,available,33.98,43.98,medium,low,10,namecheap,,,17/08/2026 18:59
ebe2bd51-bc57-4311-8f96-73e2bfc4961b,biotin.cooking,available,33.98,43.98,high,low,6,namecheap,,,23/09/2026 19:07
63d12064-6f6b-4f8c-897d-05a457b1f7c5,raspberry.cooking,premium,96,29.5,high,low,9,namesilo,,,24/09/2026 06:43
9bc87a3c-9919-46fd-bca1-d3019f717039,nodded.cooking,available,32.49,32.49,medium,low,6,namesilo,,,18/09/2026 03:34
402aff67-6349-4fa7-8ca5-2cf25fd73027,vial.cooking,available,32.49,32.49,high,low,4,namesilo,,,18/09/2026 23:48
c6151d2c-d592-4cdf-b3e2-fb209deda47c,myeloid.cooking,available,32.49,32.49,medium,low,7,namesilo,,,03/09/2026 12:06
04f17377-527c-4b4a-9a93-affea0228f6c,syncarpous.cooking,available,32.49,32.49,medium,low,10,namesilo,,,11/09/2026 06:11
c4e08b34-c53a-4c93-a002-457b04148028,motherhood.cooking,available,26.97,26.97,high,low,10,dynadot,,,29/09/2026 19:42
fab57330-c65b-4a8f-ba8d-3855f45850e4,cockpit.cooking,available,33.98,43.98,high,low,7,namecheap,,,29/09/2026 10:12
9b3d28a1-2b43-41fc-8e07-72cd72d69f07,smirks.cooking,available,33.98,43.98,low,low,6,namecheap,,,20/09/2026 14:28
a0bce18c-4b6c-4c85-a684-e204264c6027,sandford.cooking,available,26.08,26.08,medium,low,8,spaceship,,,30/09/2026 13:50
dba4020f-cb93-442c-ab49-3a2f3087fed6,slyly.cooking,available,32.49,32.49,medium,low,5,namesilo,,,14/09/2026 09:08
9d6a7e90-6cc8-4a9a-a457-7e7cd9ab29f7,arithmetic.cooking,available,25.2,25.2,high,low,10,cloudflare,,,29/09/2026 07:54
a6b4c5c2-770a-47a6-a8fd-eafd88ad4406,sofa.cooking,available,33.98,43.98,high,low,4,namecheap,,,24/09/2026 18:34
f13860e0-86d3-49d2-9e22-49a211c6599f,shakespeare.cooking,available,32.49,32.49,high,low,11,namesilo,,,
281dfa9b-7a0f-4e86-aff1-c3922a8a51fb,myself.cooking,available,32.49,32.49,high,low,6,namesilo,,,25/09/2026 12:53
6b695aeb-05df-4014-ab1f-933c308f4e72,savages.cooking,available,32.49,32.49,low,low,7,namesilo,,,30/09/2026 06:49
202f51d8-058b-408e-845a-2a9ab8550ec9,racer.cooking,available,32.49,32.49,high,low,5,namesilo,,,21/09/2026 07:11
6bc95a3c-1d48-4209-ac4f-8192f6672fb8,dubai.cooking,premium,207.2,26.08,high,medium,5,spaceship,,,28/09/2026 13:55
b6317d70-84f3-4e5a-b8af-0945b71c10b1,templates.cooking,available,32.49,32.49,medium,low,9,namesilo,,,18/09/2026 15:03
471a3cf5-3828-4010-b14b-c9a07e6b7313,texture.cooking,available,26.08,26.08,high,low,7,spaceship,,,28/09/2026 20:37
15ce5a93-0048-4b89-9f16-823ccf4d5a7c,thumbed.cooking,available,32.49,32.49,medium,low,7,namesilo,,,11/09/2026 15:04
f243adb8-4ae2-45a1-96e1-843aa0afb80f,eight.cooking,available,33.98,43.98,high,low,5,namecheap,,,21/09/2026 13:20
42fa5ea5-575c-4fcb-8f36-cf912e0c6cf3,snicker.cooking,available,25.2,25.2,medium,low,7,cloudflare,,,30/09/2026 11:19
24e81965-3aa8-4d80-83cf-9eaa22f5c6d4,cultivated.cooking,available,32.49,32.49,high,low,10,namesilo,,,13/08/2026 10:14
ce034c5b-fd72-4b7b-8f96-4372923f8341,northfield.cooking,available,32.49,32.49,medium,low,10,namesilo,,,29/09/2026 10:07
0f62650d-87d7-4740-a62c-df19971d9ba4,scandent.cooking,available,32.49,32.49,medium,low,8,namesilo,,,09/09/2026 22:32
f0415895-6725-409b-86bc-520bdb031302,caught.cooking,available,32.49,32.49,high,low,6,namesilo,,,
2bd55b56-8a65-414a-8d67-bc8f9e1a27da,uric.cooking,available,32.49,32.49,medium,low,4,namesilo,,,12/09/2026 23:37
3991bfc9-e31e-48ff-9a8a-30a8f6138cf6,diminishing.cooking,available,43.98,,medium,low,11,namecheap,,,
6fcec2ab-0fe1-4ca9-a051-e223a0ea16d4,rodeo.cooking,available,32.49,32.49,high,low,5,namesilo,,,28/09/2026 06:42
9fa7f000-fb4c-4ae0-adb7-4f7e591f309f,badge.cooking,available,32.49,32.49,high,low,5,namesilo,,,19/09/2026 15:56
4f04017e-e977-499c-bc90-3f6c2132de54,examples.cooking,available,32.49,32.49,medium,low,8,namesilo,,,29/09/2026 11:13
b075020e-a22c-4762-8dd2-34cd348b1b6e,mythological.cooking,available,26.97,26.97,high,low,12,dynadot,,,30/09/2026 14:14
43110067-275d-438a-885f-e37c5cf01378,bugbane.cooking,available,33.98,43.98,medium,low,7,namecheap,,,18/09/2026 20:09
a4a5567f-30eb-499e-b9c1-a78319275557,livy.cooking,available,26.08,26.08,medium,low,4,spaceship,,,29/09/2026 13:19
6af06a93-61ed-4742-adc8-4159c25e2f78,cheat.cooking,available,32.49,32.49,high,low,5,namesilo,,,12/08/2026 03:31
3aca546b-c089-4717-8ec7-54fb47513c6a,guidance.cooking,available,32.49,32.49,high,low,8,namesilo,,,28/09/2026 07:09
c341760d-5fa0-452e-bb62-969bb5415c74,xxii.cooking,available,32.49,32.49,medium,low,4,namesilo,,,21/09/2026 12:40
7112f72f-a6a7-4842-b421-bb1864392696,neighbor.cooking,available,32.49,32.49,high,low,8,namesilo,,,30/09/2026 05:34
a5574810-e122-4d35-b9cc-02181770fcc2,antithesis.cooking,available,32.49,32.49,medium,low,10,namesilo,,,19/09/2026 15:11
4e60c7af-5e1f-40d6-9422-d1a10220b6c0,hacked.cooking,available,26.08,26.08,medium,low,6,spaceship,,,29/09/2026 17:39
8fd686d4-e586-4515-abae-016328111c1e,modesto.cooking,available,26.08,26.08,medium,low,7,spaceship,,,29/09/2026 15:37
7e82218b-2028-4473-a45e-c0381ced41a2,woodstock.cooking,available,33.98,43.98,high,low,9,namecheap,,,25/09/2026 21:23
81b79f81-532d-41a2-8fec-7ae8b81d512b,glycogen.cooking,available,32.49,32.49,medium,low,8,namesilo,,,19/09/2026 08:46
57cd7809-671e-4a9f-9e96-83c05f0fa299,clunky.cooking,available,32.49,32.49,medium,low,6,namesilo,,,12/08/2026 13:08
f246f09c-20a0-4d35-af12-4c71fd2717f2,nonsuch.cooking,available,33.98,43.98,medium,low,7,namecheap,,,03/09/2026 20:15
e6513845-6478-446a-be40-85b78d81c2a5,illusions.cooking,available,26.08,26.08,medium,low,9,spaceship,,,29/09/2026 23:03
5f35318b-f8c8-425f-a048-0fc645eed18f,milton.cooking,available,26.97,26.97,high,low,6,dynadot,,,28/09/2026 10:12
70b1e479-49e8-4086-a094-9f4037f9ff93,glaser.cooking,available,33.98,43.98,high,low,6,namecheap,,,30/09/2026 01:21
c4e6a137-981a-4c11-b015-84f93c1d809c,laotian.cooking,available,32.49,32.49,high,low,7,namesilo,,,22/08/2026 19:36
62112f6c-9dfb-400c-ae1c-e000b6dbec84,reprint.cooking,available,32.49,32.49,high,low,7,namesilo,,,10/09/2026 04:03
7956f063-c86d-4e1e-b168-4d3f786e15c8,neville.cooking,available,33.98,43.98,high,low,7,namecheap,,,25/09/2026 18:10
12ad4f66-00a2-454f-9af6-23bfcc20e829,bernard.cooking,available,32.49,32.49,high,low,7,namesilo,,,23/09/2026 09:46
87f992b0-4986-41ac-9b27-44a255405461,airspeed.cooking,available,33.98,43.98,high,low,8,namecheap,,,17/09/2026 23:22
bfbb3bc4-9a55-411a-979f-63f20fd6c75e,order.cooking,resell,,,high,medium,5,Dreamscape Networks International Pte Ltd,10/02/2015 19:03,10/02/2029 19:03,26/09/2026 07:56
5dbcb775-a9e0-442c-898a-f6a16c3e8d05,fictive.cooking,available,32.49,32.49,medium,low,7,namesilo,,,07/08/2026 07:55
eade7584-b662-43db-8376-8dbba55167ac,barak.cooking,available,33.98,43.98,high,low,5,namecheap,,,30/09/2026 20:54
d70becdd-3ea1-4f56-b258-b54bf3a92465,anasazi.cooking,available,32.49,32.49,medium,low,7,namesilo,,,19/09/2026 03:16
b97283fb-07e4-40f4-831a-76fb635ced75,agonizing.cooking,available,32.49,32.49,medium,low,9,namesilo,,,
1cafe26c-7e06-47ba-b249-f90cdb8381c3,testified.cooking,available,25.2,25.2,medium,low,9,cloudflare,,,28/09/2026 18:16
2c2b8c9f-2b55-49a5-8030-f8ef5974d5a9,stretches.cooking,available,32.49,32.49,medium,low,9,namesilo,,,18/09/2026 07:56
efcd3778-7525-4c2b-89cc-e68234920e01,desecrated.cooking,available,32.49,32.49,medium,low,10,namesilo,,,14/08/2026 03:18
060f380d-7415-4d4f-bd06-8bc2a384d4da,forum.cooking,premium,207.2,26.08,high,medium,5,spaceship,,,29/09/2026 19:59
7928b5ee-a554-4dba-9250-d0c63de6778a,neighbourhood.cooking,available,33.98,43.98,high,low,13,namecheap,,,17/09/2026 15:31
0c4ddd07-b95d-4932-bca9-e84eadd27f49,amicable.cooking,available,32.49,32.49,high,low,8,namesilo,,,22/09/2026 04:19
5fecb536-2925-47d7-b5cf-69d4d893a40e,bigot.cooking,available,32.49,32.49,medium,low,5,namesilo,,,23/09/2026 15:20
e6e22282-38fc-4955-b5e7-061dc66550d0,improvable.cooking,available,32.49,32.49,medium,low,10,namesilo,,,21/08/2026 23:14
52c19661-26be-4ec9-9146-ba6422e30107,fortemente.cooking,available,32.49,32.49,medium,low,10,namesilo,,,18/08/2026 12:36
ddda2b48-71ad-4beb-9fb1-ae36917c8962,sacrificed.cooking,available,26.08,26.08,low,low,10,spaceship,,,28/09/2026 17:16
0926153a-99b8-4fdd-8995-46ecd73aae59,abnormally.cooking,available,32.49,32.49,medium,low,10,namesilo,,,13/09/2026 16:24
4dd49cdc-2441-4eb9-b3fe-59b01553b866,whichever.cooking,available,32.49,32.49,medium,low,9,namesilo,,,
1f48021b-eb53-4f26-9856-0cd0d70157bf,lizard.cooking,available,32.49,32.49,high,low,6,namesilo,,,30/09/2026 03:05
b49c3713-956b-4b33-a060-b5293d00ead0,willard.cooking,available,32.49,32.49,medium,low,7,namesilo,,,25/09/2026 05:33
77236b57-d80e-4b33-b311-4e61a3ce0e85,baccharis.cooking,available,32.49,32.49,medium,low,9,namesilo,,,21/09/2026 14:00
5af4d754-b897-433b-bdeb-6690697aefe1,waltz.cooking,available,26.08,26.08,high,low,5,spaceship,,,28/09/2026 15:32
60c929ff-ebfb-4db8-8898-590e77da4d9c,bartlett.cooking,available,32.49,32.49,high,low,8,namesilo,,,22/09/2026 09:19
443a975d-7980-4ae4-af52-a269711103b5,essen.cooking,available,26.97,26.97,high,low,5,dynadot,,,28/09/2026 19:08
89737ce1-57d2-4673-91bf-c661ced0e8c4,path.cooking,available,33.98,43.98,high,low,4,namecheap,,,25/09/2026 07:51
89ff640c-9d73-4c0d-ac5c-f97437d2dbb7,pluperfect.cooking,available,32.49,32.49,medium,low,10,namesilo,,,08/09/2026 22:00
45398562-02ad-4f78-ab34-1aaffad751b0,apoplexy.cooking,available,33.98,43.98,medium,low,8,namecheap,,,19/09/2026 19:09
301b79eb-dde8-4d9e-9ea6-2060cb4555e9,markets.cooking,premium,96,29.5,high,low,7,namesilo,,,01/10/2026 02:34
59dd37ac-cf97-4131-be37-28ea7d0467d7,currently.cooking,available,32.49,32.49,medium,low,9,namesilo,,,28/09/2026 14:29
7cdcc377-742c-4a5d-a74b-4d9342e01ae3,shield.cooking,available,32.49,32.49,high,low,6,namesilo,,,27/09/2026 12:05
aff526ec-086d-41a6-9489-d1094abd4714,alumni.cooking,available,25.2,25.2,high,low,6,cloudflare,,,29/09/2026 23:10
91624f21-209b-4e57-86a3-914089d16f41,outmoded.cooking,available,32.49,32.49,medium,low,8,namesilo,,,14/08/2026 01:15
1268ad06-f7bc-43ac-94c3-f973c9cfd839,obliquity.cooking,available,33.98,43.98,medium,low,9,namecheap,,,20/09/2026 18:47
303a6243-5e3c-4349-b0df-688ba946c94d,infertile.cooking,available,32.49,32.49,medium,low,9,namesilo,,,22/08/2026 04:24
5fe75cc2-0b82-4071-b46f-8bf19edb2f9c,insignia.cooking,available,32.49,32.49,high,low,8,namesilo,,,30/09/2026 17:42
7eec46dc-6ee0-422a-9a64-88e4c02cbb10,bereaved.cooking,available,32.49,32.49,low,low,8,namesilo,,,09/08/2026 15:03
63751a29-c5d1-41ed-b550-327000a5bfd1,nucleus.cooking,available,25.2,25.2,high,medium,7,cloudflare,,,29/09/2026 18:17
a6b8ee32-0607-4d30-b9bc-949792107449,flora.cooking,available,26.08,26.08,high,low,5,spaceship,,,30/09/2026 08:47
6744c1cc-31b0-4a73-b900-748ea5cab8d7,usp.cooking,premium,83,26.08,high,low,3,spaceship,,,29/09/2026 14:47
dd40355c-7f7a-480f-a0d5-66d0a554b610,jonson.cooking,available,46.99,46.99,medium,low,6,name.com,,,23/09/2026 07:26
f373294a-798c-4648-b9ea-1dbc16849d97,charlotte.cooking,premium,220,26.97,high,low,9,dynadot,,,28/09/2026 18:41
29a82f43-72b6-4513-9e29-04d56a7297b9,seekers.cooking,available,32.49,32.49,medium,low,7,namesilo,,,21/09/2026 07:32
96a40882-bb6c-4f4d-aa8a-be413d00b81d,philosophers.cooking,available,26.08,26.08,medium,low,12,spaceship,,,30/09/2026 14:37
ad2cffd3-6ee5-4753-b1f6-b06dcd6bdee4,coefficient.cooking,available,25.2,25.2,high,low,11,cloudflare,,,30/09/2026 23:49
b904e3cd-4842-4d21-9a67-714edcb32539,daley.cooking,available,26.08,26.08,high,low,5,spaceship,,,28/09/2026 11:42
7e3b420a-f004-4327-85af-74740e19f498,effluent.cooking,available,32.49,32.49,medium,low,8,namesilo,,,15/08/2026 14:47
2eb29fff-a8a5-494a-819a-f5c280c3c540,catastrophic.cooking,available,26.08,26.08,medium,low,12,spaceship,,,29/09/2026 03:09
34abb331-0fe0-478b-91b8-7082d5712794,recovered.cooking,available,32.49,32.49,high,low,9,namesilo,,,13/08/2026 11:06
05d2d068-783b-413e-8c6a-707bd18de0bf,fooling.cooking,available,32.49,32.49,high,low,7,namesilo,,,18/08/2026 10:35
22af02b9-bf60-4fa1-9e07-499daf93a1b4,motivate.cooking,available,32.49,32.49,high,low,8,namesilo,,,27/09/2026 07:34
3d3bbc2b-66d1-40f4-87aa-1683cf1e3833,replica.cooking,available,26.26,26.26,high,low,7,porkbun,,,29/09/2026 20:10
188e968d-1123-4299-af17-13621ee469ed,courtyard.cooking,available,26.08,26.08,high,low,9,spaceship,,,29/09/2026 11:51
bcb515e2-55e9-4200-a897-095a5310b5b2,configuration.cooking,available,26.97,26.97,medium,low,13,dynadot,,,29/09/2026 10:14
bce6e647-ccf9-40ee-bff2-4460ca679d99,histrion.cooking,available,32.49,32.49,medium,low,8,namesilo,,,11/09/2026 13:07
1d03bc9f-7e23-4d89-bbc8-708feb24da61,sampson.cooking,available,32.49,32.49,medium,low,7,namesilo,,,27/09/2026 01:42
bd023391-3f96-4baf-8610-dc16f35003b3,dodge.cooking,available,32.49,32.49,high,low,5,namesilo,,,28/09/2026 01:47
6426df98-1ee9-4590-a4fc-21169fefc088,inductive.cooking,available,32.49,32.49,medium,low,9,namesilo,,,22/08/2026 03:29
16a40a38-c90b-4230-a69d-4aef7a2a4054,drew.cooking,available,32.49,32.49,high,low,4,namesilo,,,25/09/2026 00:05
252bfa4b-e97c-46b0-a936-f53474bc7341,fitzroy.cooking,available,25.2,25.2,medium,low,7,cloudflare,,,28/09/2026 23:19
dbec9358-61c6-49eb-b701-2e81aaa30d5e,egoistic.cooking,available,33.98,43.98,medium,low,8,namecheap,,,15/08/2026 18:54
1e0a0bc9-9726-4417-98a2-536a699bff80,wind.cooking,available,25.2,25.2,high,low,4,cloudflare,,,28/09/2026 10:39
79a1e80f-aa94-475a-b826-34d77e46ef82,rhomboid.cooking,available,32.49,32.49,medium,low,8,namesilo,,,09/09/2026 16:47
fbf1fb21-f07d-446b-86dd-5859f08c6fdb,caesarea.cooking,available,32.49,32.49,medium,low,8,namesilo,,,30/09/2026 08:53
83dbc1c2-261d-4d76-a2be-10c7fa7f0db8,profundity.cooking,available,33.98,43.98,medium,low,10,namecheap,,,16/09/2026 18:38
5459d413-b35a-47c9-ac10-22f1c838e247,knockdown.cooking,available,32.49,32.49,medium,low,9,namesilo,,,22/08/2026 16:34
bb88f42f-c4a7-4ac7-8040-e32506e17506,aftermath.cooking,available,32.49,32.49,high,low,9,namesilo,,,17/09/2026 15:43
a4638df1-b477-4b92-9471-e8d94baa09d5,turndown.cooking,available,32.49,32.49,high,low,9,namesilo,,,
eb109ba4-f8f5-417e-bc6e-4c874ca9af3b,shuha.cooking,available,32.49,32.49,medium,low,5,namesilo,,,10/09/2026 07:04
7e782ffb-6f4c-4fcc-94df-c5cbdf011fc6,hapter.cooking,available,25.2,25.2,medium,low,6,cloudflare,,,30/09/2026 20:38
5edba10b-b858-4638-8e01-468a4767a2e6,uml.cooking,premium,47.2,29.5,high,low,3,namesilo,,,
c08f4750-b30a-4716-b12b-3c631008c1f5,cover.cooking,available,32.49,32.49,high,low,5,namesilo,,,22/09/2026 21:52
7665edee-71d1-45f0-9778-167a66e00f9e,civilisation.cooking,available,26.08,26.08,high,low,12,spaceship,,,30/09/2026 14:23
54f7a3f0-bc40-473a-8603-a85259768551,gev.cooking,premium,47.2,29.5,medium,low,3,namesilo,,,30/09/2026 12:48
79e20af9-2934-4d84-bd1d-e4f16b627860,bridal.cooking,available,32.49,32.49,high,low,6,namesilo,,,11/08/2026 03:53
b3247ba1-69a5-4997-a7a8-19cc29fab348,wil.cooking,premium,41.6,26.08,medium,low,3,spaceship,,,28/09/2026 21:44
5294a9a3-53db-4da3-9469-333e9cdeb15e,lugubrious.cooking,available,32.49,32.49,medium,low,10,namesilo,,,24/08/2026 11:04
371b9f10-70fd-4278-88f8-e3291cbffbfe,calculated.cooking,available,32.49,32.49,high,low,10,namesilo,,,11/08/2026 13:58
c049a79f-5424-4cfd-8ac1-a048611bedec,semester.cooking,available,33.98,43.98,high,low,8,namecheap,,,28/09/2026 06:43
cc0b9767-9866-414f-abf0-e0f69dc2c0ec,louisiana.cooking,premium,,,high,low,9,,,,28/09/2026 10:17
06f000e3-60e0-4ac2-9dd9-328c2566ca9c,bowery.cooking,available,32.49,32.49,high,medium,6,namesilo,,,10/08/2026 23:13
fa7e1cd2-4533-4e5b-b784-fbc2e70524e0,hominid.cooking,available,32.49,32.49,medium,low,7,namesilo,,,21/08/2026 12:39
acc7881d-12dc-43ac-92f5-beb306e69e22,abortive.cooking,available,32.49,32.49,medium,low,8,namesilo,,,
46a1a5b5-030b-450c-9961-0027ea744eb4,castor.cooking,available,32.49,32.49,medium,low,6,namesilo,,,18/09/2026 13:36
c521893d-fcb1-4c48-9310-c18a068ee0fc,friendless.cooking,available,32.49,32.49,medium,low,10,namesilo,,,18/08/2026 15:33
90a03546-d336-4f28-a5a7-11467b3434f7,wimp.cooking,available,33.98,43.98,medium,low,4,namecheap,,,24/09/2026 19:54
9ecc9078-dbff-4e38-a00d-648272655d53,soto.cooking,available,32.49,32.49,high,low,4,namesilo,,,27/09/2026 07:28
d8268fbf-ad7f-4c60-ab79-b81d1bbb4309,marlow.cooking,available,32.49,32.49,high,low,6,namesilo,,,30/09/2026 00:14
41b81d19-aa57-46de-a788-791fcbba0f99,soe.cooking,premium,41.6,26.08,medium,low,3,spaceship,,,28/09/2026 21:29
64a5c955-564c-433d-af16-79dff7d24010,allograft.cooking,available,32.49,32.49,medium,low,9,namesilo,,,18/09/2026 11:54
df64831e-c6a4-4e2b-be02-5693d6b8a318,stumbled.cooking,available,33.98,43.98,low,low,8,namecheap,,,29/09/2026 16:59
23f2d1b9-2be8-441c-8b94-79b1241b98eb,bonney.cooking,available,33.98,43.98,medium,low,6,namecheap,,,23/09/2026 16:28
85679237-c215-4135-bb2b-5a44b5271411,steely.cooking,available,32.49,32.49,medium,low,6,namesilo,,,10/09/2026 19:47
af2ae758-4436-4cf2-b056-4682d3e876c7,audrey.cooking,premium,96,29.5,high,low,6,namesilo,,,25/09/2026 14:38
4d3e8ba8-0e08-4915-87cc-479e5ecee108,screenplay.cooking,available,25.2,25.2,high,low,10,cloudflare,,,28/09/2026 20:23
d598c2d8-5338-4cb5-ae19-52c6f20b40a1,bars.cooking,available,32.49,32.49,high,low,4,namesilo,,,29/09/2026 01:17
bebeaf22-5406-4603-a31a-0a048b335ed0,boolean.cooking,available,33.98,43.98,high,low,7,namecheap,,,10/08/2026 19:12
d00d7c1a-18be-4cfc-9020-d42b77c8c7ed,undergo.cooking,available,25.2,25.2,high,low,7,cloudflare,,,30/09/2026 03:15